rank,state,city,latitude,longitude,population,growth
1,New York,New York,40.7127837,-74.0059413,8405837,4.8
2,California,Los Angeles,34.0522342,-118.2436849,3884307,4.8
3,Illinois,Chicago,41.8781136,-87.6297982,2718782,-6.1
4,Texas,Houston,29.7604267,-95.3698028,2195914,11
5,Pennsylvania,Philadelphia,39.9525839,-75.1652215,1553165,2.6
6,Arizona,Phoenix,33.4483771,-112.0740373,1513367,14
7,Texas,San Antonio,29.4241219,-98.49362819999999,1409019,21
8,California,San Diego,32.715738,-117.1610838,1355896,10.5
9,Texas,Dallas,32.7766642,-96.79698789999999,1257676,5.6
10,California,San Jose,37.3382082,-121.8863286,998537,10.5
11,Texas,Austin,30.267153,-97.7430608,885400,31.7
12,Indiana,Indianapolis,39.768403,-86.158068,843393,7.8
13,Florida,Jacksonville,30.3321838,-81.65565099999999,842583,14.3
14,California,San Francisco,37.7749295,-122.4194155,837442,7.7
15,Ohio,Columbus,39.9611755,-82.99879419999999,822553,14.8
16,North Carolina,Charlotte,35.2270869,-80.8431267,792862,39.1
17,Texas,Fort Worth,32.7554883,-97.3307658,792727,45.1
18,Michigan,Detroit,42.331427,-83.0457538,688701,-27.1
19,Texas,El Paso,31.7775757,-106.4424559,674433,19.4
20,Tennessee,Memphis,35.1495343,-90.0489801,653450,-5.3
21,Washington,Seattle,47.6062095,-122.3320708,652405,15.6
22,Colorado,Denver,39.7392358,-104.990251,649495,16.7
23,District of Columbia,Washington,38.9071923,-77.0368707,646449,13
24,Massachusetts,Boston,42.3600825,-71.0588801,645966,9.4
25,Tennessee,Nashville-Davidson,36.1626638,-86.7816016,634464,16.2
26,Maryland,Baltimore,39.2903848,-76.6121893,622104,-4
27,Oklahoma,Oklahoma City,35.4675602,-97.5164276,610613,20.2
28,Kentucky,Louisville/Jefferson County,38.2526647,-85.7584557,609893,10
29,Oregon,Portland,45.5230622,-122.6764816,609456,15
30,Nevada,Las Vegas,36.1699412,-115.1398296,603488,24.5
31,Wisconsin,Milwaukee,43.0389025,-87.9064736,599164,0.3
32,New Mexico,Albuquerque,35.0853336,-106.6055534,556495,23.5
33,Arizona,Tucson,32.2217429,-110.926479,526116,7.5
34,California,Fresno,36.7468422,-119.7725868,509924,18.3
35,California,Sacramento,38.5815719,-121.4943996,479686,17.2
36,California,Long Beach,33.7700504,-118.1937395,469428,1.5
37,Missouri,Kansas City,39.0997265,-94.5785667,467007,5.5
38,Arizona,Mesa,33.4151843,-111.8314724,457587,13.5
39,Virginia,Virginia Beach,36.8529263,-75.97798499999999,448479,5.1
40,Georgia,Atlanta,33.7489954,-84.3879824,447841,6.2
41,Colorado,Colorado Springs,38.8338816,-104.8213634,439886,21.4
42,Nebraska,Omaha,41.2523634,-95.99798829999999,434353,5.9
43,North Carolina,Raleigh,35.7795897,-78.6381787,431746,48.7
44,Florida,Miami,25.7616798,-80.1917902,417650,14.9
45,California,Oakland,37.8043637,-122.2711137,406253,1.3
46,Minnesota,Minneapolis,44.977753,-93.2650108,400070,4.5
47,Oklahoma,Tulsa,36.1539816,-95.99277500000001,398121,1.3
48,Ohio,Cleveland,41.49932,-81.6943605,390113,-18.1
49,Kansas,Wichita,37.688889,-97.336111,386552,9.7
50,Texas,Arlington,32.735687,-97.10806559999999,379577,13.3
51,Louisiana,New Orleans,29.95106579999999,-90.0715323,378715,-21.6
52,California,Bakersfield,35.3732921,-119.0187125,363630,48.4
53,Florida,Tampa,27.950575,-82.4571776,352957,16
55,Colorado,Aurora,39.7294319,-104.8319195,345803,24.4
56,California,Anaheim,33.8352932,-117.9145036,345012,4.7
57,California,Santa Ana,33.7455731,-117.8678338,334227,-1.2
58,Missouri,St. Louis,38.6270025,-90.19940419999999,318416,-8.2
59,California,Riverside,33.9533487,-117.3961564,316619,22.5
60,Texas,Corpus Christi,27.8005828,-97.39638099999999,316381,14.1
61,Kentucky,Lexington-Fayette,38.0405837,-84.5037164,308428,18
62,Pennsylvania,Pittsburgh,40.44062479999999,-79.9958864,305841,-8.3
64,California,Stockton,37.9577016,-121.2907796,298118,21.8
65,Ohio,Cincinnati,39.1031182,-84.5120196,297517,-10.1
66,Minnesota,St. Paul,44.9537029,-93.0899578,294873,2.8
67,Ohio,Toledo,41.6639383,-83.55521200000001,282313,-10
68,North Carolina,Greensboro,36.0726354,-79.7919754,279639,22.3
69,New Jersey,Newark,40.735657,-74.1723667,278427,2.1
70,Texas,Plano,33.0198431,-96.6988856,274409,22.4
71,Nevada,Henderson,36.0395247,-114.9817213,270811,51
72,Nebraska,Lincoln,40.8257625,-96.6851982,268738,18
73,New York,Buffalo,42.88644679999999,-78.8783689,258959,-11.3
74,New Jersey,Jersey City,40.72815749999999,-74.0776417,257342,7.2
75,California,Chula Vista,32.6400541,-117.0841955,256780,46.2
76,Indiana,Fort Wayne,41.079273,-85.1393513,256496,1
77,Florida,Orlando,28.5383355,-81.3792365,255483,31.2
78,Florida,St. Petersburg,27.773056,-82.64,249688,0.3
79,Arizona,Chandler,33.3061605,-111.8412502,249146,38.7
80,Texas,Laredo,27.5305671,-99.48032409999999,248142,38.2
81,Virginia,Norfolk,36.8507689,-76.28587259999999,246139,5
82,North Carolina,Durham,35.9940329,-78.898619,245475,29.9
83,Wisconsin,Madison,43.0730517,-89.4012302,243344,15.8
84,Texas,Lubbock,33.5778631,-101.8551665,239538,19.6
85,California,Irvine,33.6839473,-117.7946942,236716,61.3
86,North Carolina,Winston-Salem,36.09985959999999,-80.244216,236441,16.9
87,Arizona,Glendale,33.5386523,-112.1859866,234632,5.7
88,Texas,Garland,32.912624,-96.63888329999999,234566,8.5
89,Florida,Hialeah,25.8575963,-80.2781057,233394,3.2
90,Nevada,Reno,39.5296329,-119.8138027,233294,26.8
91,Virginia,Chesapeake,36.7682088,-76.2874927,230571,15.1
92,Arizona,Gilbert,33.3528264,-111.789027,229972,96
93,Louisiana,Baton Rouge,30.4582829,-91.1403196,229426,0.4
94,Texas,Irving,32.8140177,-96.9488945,228653,19.1
95,Arizona,Scottsdale,33.4941704,-111.9260519,226918,11
96,Nevada,North Las Vegas,36.1988592,-115.1175013,226877,92.2
97,California,Fremont,37.5482697,-121.9885719,224922,10
98,Idaho,Boise City,43.6187102,-116.2146068,214237,9.5
99,Virginia,Richmond,37.5407246,-77.4360481,214114,8.2
100,California,San Bernardino,34.1083449,-117.2897652,213708,13
101,Alabama,Birmingham,33.5206608,-86.80248999999999,212113,-12.3
102,Washington,Spokane,47.6587802,-117.4260466,210721,7
103,New York,Rochester,43.16103,-77.6109219,210358,-4.1
104,Iowa,Des Moines,41.6005448,-93.6091064,207510,3.9
105,California,Modesto,37.63909719999999,-120.9968782,204933,7.7
106,North Carolina,Fayetteville,35.0526641,-78.87835849999999,204408,2.4
107,Washington,Tacoma,47.2528768,-122.4442906,203446,4.9
108,California,Oxnard,34.1975048,-119.1770516,203007,18.2
109,California,Fontana,34.0922335,-117.435048,203003,38.3
110,Georgia,Columbus,32.4609764,-84.9877094,202824,8.7
111,Alabama,Montgomery,32.3668052,-86.2999689,201332,-0.1
112,California,Moreno Valley,33.9424658,-117.2296717,201175,40.4
113,Louisiana,Shreveport,32.5251516,-93.7501789,200327,-0.1
114,Illinois,Aurora,41.7605849,-88.32007150000001,199963,38.4
115,New York,Yonkers,40.9312099,-73.89874689999999,199766,1.8
116,Ohio,Akron,41.0814447,-81.51900529999999,198100,-8.6
117,California,Huntington Beach,33.660297,-117.9992265,197575,3.9
118,Arkansas,Little Rock,34.7464809,-92.28959479999999,197357,7.6
119,Georgia,Augusta-Richmond County,33.4734978,-82.0105148,197350,1.1
120,Texas,Amarillo,35.2219971,-101.8312969,196429,12.8
121,California,Glendale,34.1425078,-118.255075,196021,0.3
122,Alabama,Mobile,30.6953657,-88.0398912,194899,-1.9
123,Michigan,Grand Rapids,42.9633599,-85.6680863,192294,-2.8
124,Utah,Salt Lake City,40.7607793,-111.8910474,191180,5.1
125,Florida,Tallahassee,30.4382559,-84.28073289999999,186411,21.8
126,Alabama,Huntsville,34.7303688,-86.5861037,186254,16.3
127,Texas,Grand Prairie,32.7459645,-96.99778459999999,183372,43.1
128,Tennessee,Knoxville,35.9606384,-83.9207392,183270,3.9
129,Massachusetts,Worcester,42.2625932,-71.8022934,182544,5.8
130,Virginia,Newport News,37.0870821,-76.4730122,182020,0.9
131,Texas,Brownsville,25.9017472,-97.4974838,181860,26.8
132,Kansas,Overland Park,38.9822282,-94.6707917,181260,19.4
133,California,Santa Clarita,34.3916641,-118.542586,179590,15.3
134,Rhode Island,Providence,41.8239891,-71.4128343,177994,2.3
135,California,Garden Grove,33.7739053,-117.9414477,175140,5.8
136,Tennessee,Chattanooga,35.0456297,-85.3096801,173366,10.5
137,California,Oceanside,33.1958696,-117.3794834,172794,6.6
138,Mississippi,Jackson,32.2987573,-90.1848103,172638,-6.8
139,Florida,Fort Lauderdale,26.1224386,-80.13731740000001,172389,0.7
140,California,Santa Rosa,38.440429,-122.7140548,171990,15.2
141,California,Rancho Cucamonga,34.10639889999999,-117.5931084,171386,32.7
142,Florida,Port St. Lucie,27.2730492,-80.3582261,171016,91.7
143,Arizona,Tempe,33.4255104,-111.9400054,168228,5.8
144,California,Ontario,34.0633443,-117.6508876,167500,5.5
145,Washington,Vancouver,45.6387281,-122.6614861,167405,14.2
146,Florida,Cape Coral,26.5628537,-81.9495331,165831,60.4
147,South Dakota,Sioux Falls,43.5445959,-96.73110340000001,164676,31.1
148,Missouri,Springfield,37.2089572,-93.29229889999999,164122,7.8
149,Arizona,Peoria,33.5805955,-112.2373779,162592,46.5
150,Florida,Pembroke Pines,26.007765,-80.2962555,162329,17.4
151,California,Elk Grove,38.4087993,-121.3716178,161007,97.1
152,Oregon,Salem,44.9428975,-123.0350963,160614,16.4
153,California,Lancaster,34.6867846,-118.1541632,159523,33.8
154,California,Corona,33.8752935,-117.5664384,159503,23.6
155,Oregon,Eugene,44.0520691,-123.0867536,159190,14.4
156,California,Palmdale,34.5794343,-118.1164613,157161,33.7
157,California,Salinas,36.6777372,-121.6555013,155662,8.4
158,Massachusetts,Springfield,42.1014831,-72.589811,153703,1.1
159,Texas,Pasadena,29.6910625,-95.2091006,152735,7.5
160,Colorado,Fort Collins,40.5852602,-105.084423,152061,26.6
161,California,Hayward,37.6688205,-122.0807964,151574,7.5
162,California,Pomona,34.055103,-117.7499909,151348,2.1
163,North Carolina,Cary,35.79154,-78.7811169,151088,55.1
164,Illinois,Rockford,42.2711311,-89.0939952,150251,-1
165,Virginia,Alexandria,38.8048355,-77.0469214,148892,15
166,California,Escondido,33.1192068,-117.086421,148738,10.7
167,Texas,McKinney,33.1972465,-96.6397822,148559,165.3
168,Kansas,Kansas City,39.114053,-94.6274636,148483,1.1
169,Illinois,Joliet,41.525031,-88.0817251,147806,36.5
170,California,Sunnyvale,37.36883,-122.0363496,147559,11.9
171,California,Torrance,33.8358492,-118.3406288,147478,6.6
172,Connecticut,Bridgeport,41.1865478,-73.19517669999999,147216,5.4
173,Colorado,Lakewood,39.7047095,-105.0813734,147214,1.9
174,Florida,Hollywood,26.0112014,-80.1494901,146526,4.8
175,New Jersey,Paterson,40.9167654,-74.17181099999999,145948,-2.2
176,Illinois,Naperville,41.7508391,-88.1535352,144864,12
177,New York,Syracuse,43.0481221,-76.14742439999999,144669,-0.9
178,Texas,Mesquite,32.76679550000001,-96.5991593,143484,14.7
179,Ohio,Dayton,39.7589478,-84.1916069,143355,-13.5
180,Georgia,Savannah,32.0835407,-81.09983419999999,142772,7.5
181,Tennessee,Clarksville,36.5297706,-87.3594528,142357,36.9
182,California,Orange,33.7877944,-117.8531119,139969,7.7
183,California,Pasadena,34.1477849,-118.1445155,139731,3.8
184,California,Fullerton,33.8703596,-117.9242966,138981,9.8
185,Texas,Killeen,31.1171194,-97.72779589999999,137147,52.1
186,Texas,Frisco,33.1506744,-96.82361159999999,136791,287.7
187,Virginia,Hampton,37.0298687,-76.34522179999999,136699,-6.6
188,Texas,McAllen,26.2034071,-98.23001239999999,136639,27.6
189,Michigan,Warren,42.5144566,-83.01465259999999,134873,-2.3
190,Washington,Bellevue,47.610377,-122.2006786,133992,19.1
191,Utah,West Valley City,40.6916132,-112.0010501,133579,22.2
192,South Carolina,Columbia,34.0007104,-81.0348144,133358,11.7
193,Kansas,Olathe,38.8813958,-94.81912849999999,131885,40.4
194,Michigan,Sterling Heights,42.5803122,-83.0302033,131224,5.2
195,Connecticut,New Haven,41.308274,-72.9278835,130660,5.5
196,Florida,Miramar,25.9860762,-80.30356019999999,130288,74.7
197,Texas,Waco,31.549333,-97.1466695,129030,12.5
198,California,Thousand Oaks,34.1705609,-118.8375937,128731,9.5
199,Iowa,Cedar Rapids,41.9778795,-91.6656232,128429,5.4
200,South Carolina,Charleston,32.7764749,-79.93105120000001,127999,29.2
201,California,Visalia,36.3302284,-119.2920585,127763,33.6
202,Kansas,Topeka,39.0558235,-95.68901849999999,127679,3.4
203,New Jersey,Elizabeth,40.6639916,-74.2107006,127558,5.5
204,Florida,Gainesville,29.6516344,-82.32482619999999,127488,12.8
205,Colorado,Thornton,39.8680412,-104.9719243,127359,52.9
206,California,Roseville,38.7521235,-121.2880059,127035,56.2
207,Texas,Carrollton,32.9756415,-96.8899636,126700,14.9
208,Florida,Coral Springs,26.271192,-80.2706044,126604,5.7
209,Connecticut,Stamford,41.0534302,-73.5387341,126456,7.6
210,California,Simi Valley,34.2694474,-118.781482,126181,12.6
211,California,Concord,37.9779776,-122.0310733,125880,2.9
212,Connecticut,Hartford,41.76371109999999,-72.6850932,125017,0.6
213,Washington,Kent,47.3809335,-122.2348431,124435,54.3
214,Louisiana,Lafayette,30.2240897,-92.0198427,124276,11
215,Texas,Midland,31.9973456,-102.0779146,123933,30.4
216,Arizona,Surprise,33.6292337,-112.3679279,123546,281.9
217,Texas,Denton,33.2148412,-97.13306829999999,123099,47.1
218,California,Victorville,34.5362184,-117.2927641,121096,87.6
219,Indiana,Evansville,37.9715592,-87.5710898,120310,-0.8
220,California,Santa Clara,37.3541079,-121.9552356,120245,17.4
221,Texas,Abilene,32.4487364,-99.73314390000002,120099,3.6
222,Georgia,Athens-Clarke County,33.9519347,-83.357567,119980,19
223,California,Vallejo,38.1040864,-122.2566367,118837,1.2
224,Pennsylvania,Allentown,40.6084305,-75.4901833,118577,11.2
225,Oklahoma,Norman,35.2225668,-97.4394777,118197,22
226,Texas,Beaumont,30.080174,-94.1265562,117796,3.7
227,Missouri,Independence,39.0911161,-94.41550679999999,117240,3.2
228,Tennessee,Murfreesboro,35.8456213,-86.39027,117044,65.1
229,Michigan,Ann Arbor,42.2808256,-83.7430378,117025,2
230,Illinois,Springfield,39.78172130000001,-89.6501481,117006,4.2
231,California,Berkeley,37.8715926,-122.272747,116768,13.3
232,Illinois,Peoria,40.6936488,-89.5889864,116513,3
233,Utah,Provo,40.2338438,-111.6585337,116288,10
234,California,El Monte,34.0686206,-118.0275667,115708,-0.4
235,Missouri,Columbia,38.9517053,-92.3340724,115276,34
236,Michigan,Lansing,42.732535,-84.5555347,113972,-4.4
237,North Dakota,Fargo,46.8771863,-96.7898034,113658,24.9
238,California,Downey,33.9401088,-118.1331593,113242,5.3
239,California,Costa Mesa,33.6411316,-117.9186689,112174,2.4
240,North Carolina,Wilmington,34.2257255,-77.9447102,112067,24.8
241,Colorado,Arvada,39.8027644,-105.0874842,111707,9.2
242,California,Inglewood,33.9616801,-118.3531311,111542,-1
243,Florida,Miami Gardens,25.9420377,-80.2456045,111378,10.5
244,California,Carlsbad,33.1580933,-117.3505939,110972,39.7
245,Colorado,Westminster,39.8366528,-105.0372046,110945,9.4
246,Minnesota,Rochester,44.0121221,-92.4801989,110742,23.9
247,Texas,Odessa,31.8456816,-102.3676431,110720,22.3
248,New Hampshire,Manchester,42.9956397,-71.4547891,110378,2.9
249,Illinois,Elgin,42.0354084,-88.2825668,110145,16
250,Utah,West Jordan,40.6096698,-111.9391031,110077,38.4
251,Texas,Round Rock,30.5082551,-97.678896,109821,81
252,Florida,Clearwater,27.9658533,-82.8001026,109703,0.1
253,Connecticut,Waterbury,41.5581525,-73.0514965,109676,2.2
254,Oregon,Gresham,45.5001357,-122.4302013,109397,20.7
255,California,Fairfield,38.24935809999999,-122.0399663,109320,12.8
256,Montana,Billings,45.7832856,-108.5006904,109059,18.6
257,Massachusetts,Lowell,42.6334247,-71.31617179999999,108861,3.4
258,California,San Buenaventura (Ventura),34.274646,-119.2290316,108817,7.4
259,Colorado,Pueblo,38.2544472,-104.6091409,108249,5.9
260,North Carolina,High Point,35.9556923,-80.0053176,107741,24.3
261,California,West Covina,34.0686208,-117.9389526,107740,2.3
262,California,Richmond,37.9357576,-122.3477486,107571,7.9
263,California,Murrieta,33.5539143,-117.2139232,107479,107.4
264,Massachusetts,Cambridge,42.3736158,-71.10973349999999,107289,5.5
265,California,Antioch,38.0049214,-121.805789,107100,16.9
266,California,Temecula,33.4936391,-117.1483648,106780,55.4
267,California,Norwalk,33.9022367,-118.081733,106589,1.9
268,Colorado,Centennial,39.5807452,-104.8771726,106114,3.5
269,Washington,Everett,47.9789848,-122.2020794,105370,9.4
270,Florida,Palm Bay,28.0344621,-80.5886646,104898,31.7
271,Texas,Wichita Falls,33.9137085,-98.4933873,104898,0.7
272,Wisconsin,Green Bay,44.51915899999999,-88.019826,104779,1.9
273,California,Daly City,37.6879241,-122.4702079,104739,1
274,California,Burbank,34.1808392,-118.3089661,104709,4.2
275,Texas,Richardson,32.9483335,-96.7298519,104475,13.2
276,Florida,Pompano Beach,26.2378597,-80.1247667,104410,4
277,South Carolina,North Charleston,32.8546197,-79.9748103,104054,27.4
278,Oklahoma,Broken Arrow,36.060949,-95.7974526,103500,28.2
279,Colorado,Boulder,40.0149856,-105.2705456,103166,9
280,Florida,West Palm Beach,26.7153424,-80.0533746,102436,23.5
281,California,Santa Maria,34.9530337,-120.4357191,102216,30.9
282,California,El Cajon,32.7947731,-116.9625269,102211,7.4
283,Iowa,Davenport,41.5236437,-90.5776367,102157,3.9
284,California,Rialto,34.1064001,-117.3703235,101910,9.8
285,New Mexico,Las Cruces,32.3199396,-106.7636538,101324,37.6
286,California,San Mateo,37.5629917,-122.3255254,101128,9
287,Texas,Lewisville,33.046233,-96.994174,101074,28.9
288,Indiana,South Bend,41.6763545,-86.25198979999999,100886,-6.8
289,Florida,Lakeland,28.0394654,-81.9498042,100710,18.3
290,Pennsylvania,Erie,42.12922409999999,-80.085059,100671,-2.8
291,Texas,Tyler,32.3512601,-95.30106239999999,100223,18.6
292,Texas,Pearland,29.5635666,-95.2860474,100065,117.2
293,Texas,College Station,30.627977,-96.3344068,100050,45.2
294,Wisconsin,Kenosha,42.5847425,-87.82118539999999,99889,9.5
295,Georgia,Sandy Springs,33.9304352,-84.3733147,99770,17.4
296,California,Clovis,36.8252277,-119.7029194,99769,42.6
297,Michigan,Flint,43.0125274,-83.6874562,99763,-20
298,Virginia,Roanoke,37.2709704,-79.9414266,98465,3.8
299,New York,Albany,42.6525793,-73.7562317,98424,4.1
300,California,Jurupa Valley,33.9971974,-117.4854802,98030,0
301,California,Compton,33.8958492,-118.2200712,97877,4.5
302,Texas,San Angelo,31.4637723,-100.4370375,97492,10.2
303,Oregon,Hillsboro,45.5228939,-122.989827,97368,36.4
304,Oklahoma,Lawton,34.6035669,-98.39592909999999,97151,4.9
305,Washington,Renton,47.48287759999999,-122.2170661,97003,88.4
306,California,Vista,33.2000368,-117.2425355,96929,7.7
307,Florida,Davie,26.0764783,-80.25211569999999,96830,17.7
308,Colorado,Greeley,40.4233142,-104.7091322,96539,23.1
309,California,Mission Viejo,33.6000232,-117.6719953,96346,2.9
310,Virginia,Portsmouth,36.8354258,-76.2982742,96205,-4.2
311,Michigan,Dearborn,42.3222599,-83.17631449999999,95884,-2
312,California,South Gate,33.954737,-118.2120161,95677,-0.8
313,Alabama,Tuscaloosa,33.2098407,-87.56917349999999,95334,21.1
314,Michigan,Livonia,42.36837,-83.35270969999999,95208,-5.4
315,Massachusetts,New Bedford,41.6362152,-70.93420499999999,95078,1.2
316,California,Vacaville,38.3565773,-121.9877444,94275,5.4
317,Massachusetts,Brockton,42.0834335,-71.0183787,94089,-0.3
318,Georgia,Roswell,34.0232431,-84.3615555,94034,15.2
319,Oregon,Beaverton,45.48706199999999,-122.8037102,93542,17
320,Massachusetts,Quincy,42.2528772,-71.0022705,93494,5.8
321,Nevada,Sparks,39.5349112,-119.7526886,93282,39.4
322,Washington,Yakima,46.6020711,-120.5058987,93257,11.7
323,Missouri,Lee's Summit,38.9108408,-94.3821724,93184,31.2
324,Washington,Federal Way,47.3223221,-122.3126222,92734,8.8
325,California,Carson,33.8316745,-118.281693,92599,2.9
326,California,Santa Monica,34.0194543,-118.4911912,92472,9.6
327,California,Hesperia,34.4263886,-117.3008784,92147,46.1
328,Texas,Allen,33.1031744,-96.67055030000002,92020,104
329,New Mexico,Rio Rancho,35.2327544,-106.6630437,91956,74.4
330,Arizona,Yuma,32.6926512,-114.6276916,91923,16.2
331,California,Westminster,33.7513419,-117.9939921,91739,3.9
332,Utah,Orem,40.2968979,-111.6946475,91648,8.5
333,Massachusetts,Lynn,42.46676300000001,-70.9494938,91589,2.6
334,California,Redding,40.5865396,-122.3916754,91119,11.9
335,Washington,Spokane Valley,47.6732281,-117.2393748,91113,12.6
336,Florida,Miami Beach,25.790654,-80.1300455,91026,3.3
337,Texas,League City,29.5074538,-95.0949303,90983,98.3
338,Kansas,Lawrence,38.9716689,-95.2352501,90811,12.7
339,California,Santa Barbara,34.4208305,-119.6981901,90412,0.9
340,Florida,Plantation,26.1275862,-80.23310359999999,90268,8.6
341,Utah,Sandy,40.5649781,-111.8389726,90231,1.3
342,Florida,Sunrise,26.1669711,-80.25659499999999,90116,4.6
343,Georgia,Macon,32.8406946,-83.6324022,89981,-7.3
344,Colorado,Longmont,40.1672068,-105.1019275,89919,24.4
345,Florida,Boca Raton,26.3683064,-80.1289321,89407,7.5
346,California,San Marcos,33.1433723,-117.1661449,89387,60
347,North Carolina,Greenville,35.612661,-77.3663538,89130,41.9
348,Illinois,Waukegan,42.3636331,-87.84479379999999,88826,0.5
349,Massachusetts,Fall River,41.7014912,-71.1550451,88697,-3.7
350,California,Chico,39.7284944,-121.8374777,88077,14.2
351,Massachusetts,Newton,42.3370413,-71.20922139999999,87971,4.9
352,California,San Leandro,37.7249296,-122.1560768,87965,10.3
353,Pennsylvania,Reading,40.3356483,-75.9268747,87893,8
354,Connecticut,Norwalk,41.11774399999999,-73.4081575,87776,5.6
355,Arkansas,Fort Smith,35.3859242,-94.39854749999999,87650,8.6
356,California,Newport Beach,33.6189101,-117.9289469,87273,10.4
357,North Carolina,Asheville,35.5950581,-82.5514869,87236,19.6
358,New Hampshire,Nashua,42.7653662,-71.46756599999999,87137,0.4
359,Oklahoma,Edmond,35.6528323,-97.47809540000002,87004,26.9
360,California,Whittier,33.9791793,-118.032844,86635,3.3
361,Idaho,Nampa,43.5407172,-116.5634624,86518,57.9
362,Minnesota,Bloomington,44.840798,-93.2982799,86319,1.3
363,Florida,Deltona,28.9005446,-81.26367379999999,86290,23.1
364,California,Hawthorne,33.9164032,-118.3525748,86199,2.3
365,Minnesota,Duluth,46.78667189999999,-92.1004852,86128,-0.1
366,Indiana,Carmel,39.978371,-86.1180435,85927,60.4
367,Virginia,Suffolk,36.7282054,-76.5835621,85728,33.5
368,New Jersey,Clifton,40.8584328,-74.16375529999999,85390,7.9
369,California,Citrus Heights,38.7071247,-121.2810611,85285,-0.1
370,California,Livermore,37.6818745,-121.7680088,85156,15.1
371,California,Tracy,37.7396513,-121.4252227,84691,45.9
372,California,Alhambra,34.095287,-118.1270146,84577,-0.7
373,Washington,Kirkland,47.6814875,-122.2087353,84430,87.5
374,New Jersey,Trenton,40.2170534,-74.7429384,84349,-1.2
375,Utah,Ogden,41.223,-111.9738304,84249,8.6
376,Alabama,Hoover,33.4053867,-86.8113781,84126,32.7
377,Illinois,Cicero,41.8455877,-87.7539448,84103,-1.6
378,Indiana,Fishers,39.9567548,-86.01335,83891,114.8
379,Texas,Sugar Land,29.6196787,-95.6349463,83860,29.1
380,Connecticut,Danbury,41.394817,-73.4540111,83684,11.4
381,Idaho,Meridian,43.6121087,-116.3915131,83596,127.6
382,California,Indio,33.7205771,-116.2155619,83539,66
383,North Carolina,Concord,35.4087517,-80.579511,83506,47.4
384,California,Menifee,33.6971468,-117.185294,83447,95
385,Illinois,Champaign,40.1164204,-88.2433829,83424,18.3
386,California,Buena Park,33.8675143,-117.9981181,82882,6.1
387,Michigan,Troy,42.6064095,-83.1497751,82821,2.2
388,Missouri,O'Fallon,38.8106075,-90.69984769999999,82809,62.6
389,Georgia,Johns Creek,34.0289259,-84.198579,82788,36.5
390,Washington,Bellingham,48.74908,-122.4781473,82631,21.8
391,Michigan,Westland,42.32420399999999,-83.400211,82578,-4.7
392,Indiana,Bloomington,39.165325,-86.52638569999999,82575,16.1
393,Iowa,Sioux City,42.4999942,-96.40030689999999,82459,-2.9
394,Rhode Island,Warwick,41.7001009,-71.4161671,81971,-4.6
395,California,Hemet,33.7475203,-116.9719684,81750,37.6
396,Texas,Longview,32.5007037,-94.74048909999999,81443,11.6
397,Michigan,Farmington Hills,42.4989936,-83.3677168,81295,-0.9
398,Oregon,Bend,44.0581728,-121.3153096,81236,54.3
399,California,Lakewood,33.8536269,-118.1339563,81121,2.1
400,California,Merced,37.3021632,-120.4829677,81102,25.4
401,Texas,Mission,26.2159066,-98.32529319999999,81050,74.5
402,California,Chino,34.0122346,-117.688944,80988,15.6
403,California,Redwood City,37.48521520000001,-122.2363548,80872,7.1
404,Texas,Edinburg,26.3017374,-98.1633432,80836,65.1
405,Rhode Island,Cranston,41.7798226,-71.4372796,80566,1.4
406,Ohio,Parma,41.4047742,-81.7229086,80429,-5.9
407,New York,New Rochelle,40.9114882,-73.7823549,79446,9.9
408,California,Lake Forest,33.6469661,-117.689218,79312,4.2
409,California,Napa,38.2975381,-122.286865,79068,8.4
410,Indiana,Hammond,41.5833688,-87.5000412,78967,-4.6
411,Arkansas,Fayetteville,36.0625795,-94.1574263,78960,32.9
412,Illinois,Bloomington,40.4842027,-88.99368729999999,78902,20.1
413,Arizona,Avondale,33.4355977,-112.3496021,78822,111.5
414,Massachusetts,Somerville,42.3875968,-71.0994968,78804,1.6
415,Florida,Palm Coast,29.5844524,-81.20786989999999,78740,137.2
416,Texas,Bryan,30.6743643,-96.3699632,78709,19.3
417,Indiana,Gary,41.5933696,-87.3464271,78450,-23.4
418,Florida,Largo,27.9094665,-82.7873244,78409,5.1
419,Minnesota,Brooklyn Park,45.0941315,-93.3563405,78373,16
420,California,Tustin,33.7458511,-117.826166,78327,15.6
421,Wisconsin,Racine,42.7261309,-87.78285230000002,78199,-4.4
422,Florida,Deerfield Beach,26.3184123,-80.09976569999999,78041,4.8
423,Virginia,Lynchburg,37.4137536,-79.14224639999999,78014,19.5
424,California,Mountain View,37.3860517,-122.0838511,77846,10.1
425,Oregon,Medford,42.3265152,-122.8755949,77677,17.1
426,Massachusetts,Lawrence,42.7070354,-71.1631137,77657,7.5
427,California,Bellflower,33.8816818,-118.1170117,77593,6.3
428,Florida,Melbourne,28.0836269,-80.60810889999999,77508,5.9
429,Missouri,St. Joseph,39.7674578,-94.84668099999999,77147,4.1
430,New Jersey,Camden,39.9259463,-75.1196199,76903,-3.6
431,Utah,St. George,37.0965278,-113.5684164,76817,53.1
432,Washington,Kennewick,46.2112458,-119.1372338,76762,29.1
433,California,Baldwin Park,34.0852868,-117.9608978,76635,0.8
434,California,Chino Hills,33.9898188,-117.7325848,76572,13.6
435,California,Alameda,37.7652065,-122.2416355,76419,5.4
436,Georgia,Albany,31.5785074,-84.15574099999999,76185,-0.6
437,Illinois,Arlington Heights,42.0883603,-87.98062650000001,75994,-0.6
438,Pennsylvania,Scranton,41.408969,-75.66241219999999,75806,0
439,Illinois,Evanston,42.0450722,-87.68769689999999,75570,1.9
440,Michigan,Kalamazoo,42.2917069,-85.5872286,75548,-1.9
441,Texas,Baytown,29.7355047,-94.97742740000001,75418,13.1
442,California,Upland,34.09751,-117.6483876,75413,9.5
443,Arkansas,Springdale,36.18674420000001,-94.1288141,75229,57.1
444,Pennsylvania,Bethlehem,40.6259316,-75.37045789999999,75018,5.2
445,Illinois,Schaumburg,42.0333607,-88.0834059,74907,-0.5
446,South Carolina,Mount Pleasant,32.8323225,-79.82842579999999,74885,53.2
447,Washington,Auburn,47.30732279999999,-122.2284532,74860,34.9
448,Illinois,Decatur,39.8403147,-88.9548001,74710,-8.7
449,California,San Ramon,37.7799273,-121.9780153,74513,65.8
450,California,Pleasanton,37.6624312,-121.8746789,74110,15.2
451,Michigan,Wyoming,42.9133602,-85.7053085,74100,6.5
452,Louisiana,Lake Charles,30.2265949,-93.2173758,74024,3
453,Minnesota,Plymouth,45.0105194,-93.4555093,73987,12
454,Illinois,Bolingbrook,41.69864159999999,-88.0683955,73936,29.7
455,Texas,Pharr,26.1947962,-98.1836216,73790,55.7
456,Wisconsin,Appleton,44.2619309,-88.41538469999999,73596,4.5
457,North Carolina,Gastonia,35.262082,-81.18730049999999,73209,8.2
458,California,Folsom,38.6779591,-121.1760583,73098,38.6
459,Michigan,Southfield,42.4733688,-83.2218731,73006,-6.7
460,Michigan,Rochester Hills,42.65836609999999,-83.1499322,72952,5.7
461,Connecticut,New Britain,41.6612104,-72.7795419,72939,1.9
462,Arizona,Goodyear,33.4353394,-112.3576567,72864,271
463,Ohio,Canton,40.79894729999999,-81.378447,72535,-10.3
464,Georgia,Warner Robins,32.6130007,-83.624201,72531,45.7
465,California,Union City,37.5933918,-122.0438298,72528,7.4
466,California,Perris,33.7825194,-117.2286478,72326,98.7
467,California,Manteca,37.7974273,-121.2160526,71948,42.7
468,Iowa,Iowa City,41.6611277,-91.5301683,71591,13.8
469,Arkansas,Jonesboro,35.84229670000001,-90.704279,71551,28.3
470,Delaware,Wilmington,39.7390721,-75.5397878,71525,-1.6
471,California,Lynwood,33.930293,-118.2114603,71371,2
472,Colorado,Loveland,40.3977612,-105.0749801,71334,37.4
473,Rhode Island,Pawtucket,41.878711,-71.38255579999999,71172,-2.5
474,Florida,Boynton Beach,26.5317866,-80.0905465,71097,17.3
475,Wisconsin,Waukesha,43.0116784,-88.2314813,71016,8
476,Mississippi,Gulfport,30.3674198,-89.0928155,71012,-0.6
477,California,Apple Valley,34.5008311,-117.1858759,70924,29.9
478,New Jersey,Passaic,40.8567662,-74.1284764,70868,4.3
479,South Dakota,Rapid City,44.0805434,-103.2310149,70812,17.9
480,Utah,Layton,41.0602216,-111.9710529,70790,20.2
481,Indiana,Lafayette,40.4167022,-86.87528689999999,70373,14.5
482,California,Turlock,37.4946568,-120.8465941,70365,23.5
483,Indiana,Muncie,40.1933767,-85.3863599,70316,-0.7
484,Texas,Temple,31.0982344,-97.342782,70190,27.1
485,Texas,Missouri City,29.6185669,-95.5377215,70185,31.1
486,California,Redlands,34.0555693,-117.1825381,69999,9.4
487,New Mexico,Santa Fe,35.6869752,-105.937799,69976,10.5
488,Florida,Lauderhill,26.1403635,-80.2133808,69813,4.2
489,California,Milpitas,37.4323341,-121.8995741,69783,11
490,Illinois,Palatine,42.1103041,-88.03424000000001,69350,4.5
491,Montana,Missoula,46.87871759999999,-113.996586,69122,19.7
492,South Carolina,Rock Hill,34.9248667,-81.02507840000001,69103,36
493,North Carolina,Jacksonville,34.7540524,-77.4302414,69079,5
494,Tennessee,Franklin,35.9250637,-86.8688899,68886,48.5
495,Arizona,Flagstaff,35.1982836,-111.651302,68667,29.3
496,Texas,Flower Mound,33.0145673,-97.0969552,68609,32.5
497,Florida,Weston,26.1003654,-80.3997748,68388,34.5
498,Iowa,Waterloo,42.492786,-92.34257749999999,68366,-0.5
499,New Jersey,Union City,40.6975898,-74.26316349999999,68247,1.7
500,New York,Mount Vernon,40.9125992,-73.8370786,68224,-0.2
501,Florida,Fort Myers,26.640628,-81.8723084,68190,31.2
502,Alabama,Dothan,31.2232313,-85.3904888,68001,16.6
503,California,Rancho Cordova,38.5890723,-121.302728,67911,26.4
504,California,Redondo Beach,33.8491816,-118.3884078,67815,6.7
505,Tennessee,Jackson,35.6145169,-88.81394689999999,67685,12.9
506,Washington,Pasco,46.2395793,-119.1005657,67599,98.5
507,Missouri,St. Charles,38.7881062,-90.4974359,67569,11.3
508,Wisconsin,Eau Claire,44.811349,-91.4984941,67545,8.7
509,Texas,North Richland Hills,32.8342952,-97.2289029,67317,20.2
510,North Dakota,Bismarck,46.8083268,-100.7837392,67034,20.1
511,California,Yorba Linda,33.8886259,-117.8131125,67032,13.4
512,Louisiana,Kenner,29.9940924,-90.2417434,66975,-4.8
513,California,Walnut Creek,37.9100783,-122.0651819,66900,3.5
514,Maryland,Frederick,39.41426879999999,-77.4105409,66893,25.9
515,Wisconsin,Oshkosh,44.0247062,-88.5426136,66778,5.3
516,California,Pittsburg,38.0279762,-121.8846806,66695,16.6
517,California,Palo Alto,37.4418834,-122.1430195,66642,13.7
518,Louisiana,Bossier City,32.5159852,-93.7321228,66333,17.4
519,Maine,Portland,43.66147100000001,-70.2553259,66318,3.2
520,Minnesota,St. Cloud,45.5579451,-94.16324039999999,66297,10.9
521,California,Davis,38.5449065,-121.7405167,66205,11.9
522,California,South San Francisco,37.654656,-122.4077498,66174,9.1
523,California,Camarillo,34.2163937,-119.0376023,66086,14.9
524,Arkansas,North Little Rock,34.769536,-92.2670941,66075,9
525,New York,Schenectady,42.8142432,-73.9395687,65902,6.7
526,Maryland,Gaithersburg,39.1434406,-77.2013705,65690,24.2
527,Texas,Harlingen,26.1906306,-97.69610259999999,65665,11.6
528,Minnesota,Woodbury,44.9238552,-92.9593797,65656,39.8
529,Minnesota,Eagan,44.8041322,-93.1668858,65453,2.6
530,California,Yuba City,39.1404477,-121.6169108,65416,27.9
531,Minnesota,Maple Grove,45.0724642,-93.4557877,65415,27.3
532,Ohio,Youngstown,41.0997803,-80.6495194,65184,-20.2
533,Illinois,Skokie,42.0324025,-87.7416246,65176,2.8
534,Florida,Kissimmee,28.2919557,-81.40757099999999,65173,32.6
535,Tennessee,Johnson City,36.3134397,-82.3534727,65123,16.2
536,Texas,Victoria,28.8052674,-97.0035982,65098,7.5
537,California,San Clemente,33.4269728,-117.6119925,65040,28.6
538,New Jersey,Bayonne,40.6687141,-74.1143091,65028,5.1
539,California,Laguna Niguel,33.5225261,-117.7075526,64652,2.8
540,New Jersey,East Orange,40.767323,-74.2048677,64544,-7.4
541,Kansas,Shawnee,39.02284849999999,-94.7151865,64323,32.2
542,Florida,Homestead,25.4687224,-80.4775569,64079,100.7
544,Maryland,Rockville,39.0839973,-77.1527578,64072,34
543,Florida,Delray Beach,26.4614625,-80.0728201,64072,6.1
545,Wisconsin,Janesville,42.6827885,-89.0187222,63820,5.6
546,Arkansas,Conway,35.0886963,-92.4421011,63816,46.1
547,California,Pico Rivera,33.9830688,-118.096735,63771,0.4
548,Ohio,Lorain,41.452819,-82.1823746,63710,-7.2
549,California,Montebello,34.0165053,-118.1137535,63495,2
550,California,Lodi,38.1341477,-121.2722194,63338,10.1
551,Texas,New Braunfels,29.7030024,-98.1244531,63279,64
552,Washington,Marysville,48.0517637,-122.1770818,63269,115.7
553,Florida,Tamarac,26.2128609,-80.2497707,63155,12.9
554,California,Madera,36.9613356,-120.0607176,63105,44.4
555,Texas,Conroe,30.3118769,-95.45605119999999,63032,61.9
556,California,Santa Cruz,36.9741171,-122.0307963,62864,12.5
557,Minnesota,Eden Prairie,44.8546856,-93.47078599999999,62603,13.3
558,Wyoming,Cheyenne,41.1399814,-104.8202462,62448,16.9
559,Florida,Daytona Beach,29.2108147,-81.0228331,62316,-2.3
560,Georgia,Alpharetta,34.0753762,-84.2940899,62298,33.6
561,Ohio,Hamilton,39.3995008,-84.5613355,62258,2.7
562,Massachusetts,Waltham,42.3764852,-71.2356113,62227,5
563,Minnesota,Coon Rapids,45.1732394,-93.30300629999999,62103,0.6
564,Massachusetts,Haverhill,42.7762015,-71.0772796,62088,5
565,Iowa,Council Bluffs,41.2619444,-95.8608333,61969,6.2
566,Michigan,Taylor,42.240872,-83.2696509,61817,-6.3
567,New York,Utica,43.100903,-75.232664,61808,2.2
568,Iowa,Ames,42.034722,-93.61999999999999,61792,21.3
569,California,La Habra,33.9319578,-117.9461734,61653,3.6
570,California,Encinitas,33.0369867,-117.2919818,61588,5.8
571,Kentucky,Bowling Green,36.9685219,-86.4808043,61488,24.1
572,Minnesota,Burnsville,44.7677424,-93.27772259999999,61434,1.9
573,South Carolina,Greenville,34.85261759999999,-82.3940104,61397,8.2
574,Iowa,West Des Moines,41.5772115,-93.711332,61255,29.8
575,Texas,Cedar Park,30.505198,-97.8202888,61238,134.3
576,California,Tulare,36.2077288,-119.3473379,61170,33.3
577,California,Monterey Park,34.0625106,-118.1228476,61085,1.5
578,New Jersey,Vineland,39.4863773,-75.02596369999999,61050,9.3
579,Indiana,Terre Haute,39.4667034,-87.41390919999999,61025,2.5
580,Florida,North Miami,25.8900949,-80.1867138,61007,2
581,Texas,Mansfield,32.5631924,-97.1416768,60872,114.2
582,Wisconsin,West Allis,43.0166806,-88.0070315,60697,-0.6
583,Connecticut,Bristol,41.67176480000001,-72.9492703,60568,0.4
584,Utah,Taylorsville,40.66772479999999,-111.9388258,60519,2.9
585,Massachusetts,Malden,42.4250964,-71.066163,60509,7.4
586,Connecticut,Meriden,41.5381535,-72.80704349999999,60456,3.7
587,Minnesota,Blaine,45.1607987,-93.23494889999999,60407,32.8
588,Florida,Wellington,26.6617635,-80.2683571,60202,55
589,California,Cupertino,37.3229978,-122.0321823,60189,14.3
590,Oregon,Springfield,44.0462362,-123.0220289,60177,12.4
591,Arkansas,Rogers,36.3320196,-94.1185366,60112,50.6
592,Michigan,St. Clair Shores,42.4974085,-82.89636039999999,60070,-4.6
593,California,Gardena,33.8883487,-118.3089624,59957,3.4
594,Michigan,Pontiac,42.6389216,-83.29104679999999,59887,-11.4
595,California,National City,32.6781085,-117.0991967,59834,10.1
596,Colorado,Grand Junction,39.0638705,-108.5506486,59778,30.9
597,California,Rocklin,38.7907339,-121.2357828,59738,60.3
598,North Carolina,Chapel Hill,35.9131996,-79.0558445,59635,24.1
599,Wyoming,Casper,42.866632,-106.313081,59628,19.9
600,Colorado,Broomfield,39.9205411,-105.0866504,59471,50.3
601,California,Petaluma,38.232417,-122.6366524,59440,8.4
602,Utah,South Jordan,40.5621704,-111.929658,59366,100.1
603,Ohio,Springfield,39.9242266,-83.8088171,59357,-9.8
604,Montana,Great Falls,47.4941836,-111.2833449,59351,3.9
605,Pennsylvania,Lancaster,40.0378755,-76.3055144,59325,4.5
606,Florida,North Port,27.044224,-82.2359254,59212,154.6
607,Washington,Lakewood,47.1717649,-122.518458,59097,1.1
608,Georgia,Marietta,33.95260200000001,-84.5499327,59089,-3.8
609,California,San Rafael,37.9735346,-122.5310874,58994,5
610,Michigan,Royal Oak,42.4894801,-83.1446485,58946,-1.7
611,Illinois,Des Plaines,42.0333623,-87.88339909999999,58918,3.2
612,California,Huntington Park,33.9816812,-118.2250725,58879,-4.1
613,California,La Mesa,32.7678287,-117.0230839,58642,6.9
614,Illinois,Orland Park,41.6303103,-87.85394250000002,58590,13.9
615,Alabama,Auburn,32.6098566,-85.48078249999999,58582,26.4
616,Minnesota,Lakeville,44.6496868,-93.24271999999999,58562,34.3
617,Kentucky,Owensboro,37.7719074,-87.1111676,58416,7.7
618,Oklahoma,Moore,35.3395079,-97.48670279999999,58414,41.5
619,Florida,Jupiter,26.9342246,-80.0942087,58298,46.2
620,Idaho,Idaho Falls,43.49165139999999,-112.0339645,58292,14
621,Iowa,Dubuque,42.5005583,-90.66457179999999,58253,0.9
622,Tennessee,Bartlett,35.2045328,-89.8739753,58226,31.7
623,Texas,Rowlett,32.9029017,-96.56388,58043,28.6
624,Michigan,Novi,42.48059,-83.4754913,57960,22
625,New York,White Plains,41.03398620000001,-73.7629097,57866,8.5
626,California,Arcadia,34.1397292,-118.0353449,57639,8.3
627,Washington,Redmond,47.6739881,-122.121512,57530,26
628,California,Lake Elsinore,33.6680772,-117.3272615,57525,96.5
629,Florida,Ocala,29.1871986,-82.14009229999999,57468,20.8
630,Illinois,Tinley Park,41.5731442,-87.7932939,57282,16.3
631,Florida,Port Orange,29.1383165,-80.9956105,57203,22.8
632,Massachusetts,Medford,42.4184296,-71.1061639,57170,2.7
633,Illinois,Oak Lawn,41.719978,-87.7479528,57073,3.3
634,North Carolina,Rocky Mount,35.9382103,-77.7905339,56954,-3.1
635,Indiana,Kokomo,40.486427,-86.13360329999999,56895,21.3
636,Florida,Coconut Creek,26.2517482,-80.17893509999999,56792,28.4
637,Maryland,Bowie,39.0067768,-76.77913649999999,56759,8.6
638,Illinois,Berwyn,41.85058739999999,-87.7936685,56758,5.1
639,Oklahoma,Midwest City,35.4495065,-97.3967019,56756,4.5
640,California,Fountain Valley,33.7091847,-117.9536697,56707,3
641,Arizona,Buckeye,33.3703197,-112.5837766,56683,480.9
642,Michigan,Dearborn Heights,42.3369816,-83.27326269999999,56620,-3
643,California,Woodland,38.67851570000001,-121.7732971,56590,13.8
644,Indiana,Noblesville,40.0455917,-86.0085955,56540,88.1
645,Georgia,Valdosta,30.8327022,-83.2784851,56481,22.3
646,California,Diamond Bar,34.0286226,-117.8103367,56449,0.1
647,Kansas,Manhattan,39.18360819999999,-96.57166939999999,56143,22.8
648,California,Santee,32.8383828,-116.9739167,56105,5.7
649,Massachusetts,Taunton,41.900101,-71.0897674,56069,0
650,Florida,Sanford,28.8028612,-81.269453,56002,42.8
651,Ohio,Kettering,39.68950359999999,-84.1688274,55870,-3.1
652,New Jersey,New Brunswick,40.4862157,-74.4518188,55831,15.5
653,Alabama,Decatur,34.6059253,-86.9833417,55816,3.1
654,Massachusetts,Chicopee,42.1487043,-72.6078672,55717,1.7
655,Indiana,Anderson,40.1053196,-85.6802541,55670,-6.6
656,Florida,Margate,26.2445263,-80.206436,55456,2.7
657,Massachusetts,Weymouth Town,42.2180724,-70.94103559999999,55419,0
658,New York,Hempstead,40.7062128,-73.6187397,55361,4
659,Oregon,Corvallis,44.5645659,-123.2620435,55298,11.8
660,California,Eastvale,33.952463,-117.5848025,55191,0
661,California,Porterville,36.06523,-119.0167679,55174,20.1
662,Connecticut,West Haven,41.2705484,-72.9469711,55046,5.1
663,California,Brentwood,37.931868,-121.6957863,55000,122.3
664,California,Paramount,33.8894598,-118.1597911,54980,-0.7
665,North Dakota,Grand Forks,47.9252568,-97.0328547,54932,11.5
666,Texas,Georgetown,30.6332618,-97.6779842,54898,91.9
667,Missouri,St. Peters,38.7874699,-90.6298922,54842,6.5
668,Washington,Shoreline,47.7556531,-122.3415178,54790,2.9
669,Illinois,Mount Prospect,42.0664167,-87.9372908,54771,-2.5
670,California,Hanford,36.3274502,-119.6456844,54686,30.3
671,Illinois,Normal,40.5142026,-88.9906312,54664,19.7
672,California,Rosemead,34.0805651,-118.072846,54561,1.7
673,Utah,Lehi,40.3916172,-111.8507662,54382,176.3
674,Idaho,Pocatello,42.8713032,-112.4455344,54350,5.4
675,California,Highland,34.1283442,-117.2086513,54291,21
676,California,Novato,38.1074198,-122.5697032,54194,13.3
677,Texas,Port Arthur,29.8849504,-93.93994699999999,54135,-6
678,Nevada,Carson City,39.1637984,-119.7674034,54080,2.9
679,Texas,San Marcos,29.8832749,-97.9413941,54076,48.5
680,Tennessee,Hendersonville,36.3047735,-86.6199957,54068,31.7
681,Ohio,Elyria,41.3683798,-82.10764859999999,53956,-3.7
682,Massachusetts,Revere,42.4084302,-71.0119948,53756,13.4
683,Texas,Pflugerville,30.4393696,-97.62000429999999,53752,123.4
684,Indiana,Greenwood,39.6136578,-86.10665259999999,53665,46
685,Nebraska,Bellevue,41.1543623,-95.9145568,53663,20.5
686,Illinois,Wheaton,41.8661403,-88.1070127,53648,-3.4
687,Georgia,Smyrna,33.8839926,-84.51437609999999,53438,20
688,Florida,Sarasota,27.3364347,-82.53065269999999,53326,1.4
689,Missouri,Blue Springs,39.0169509,-94.2816148,53294,9.9
690,California,Colton,34.0739016,-117.3136547,53243,10.8
691,Texas,Euless,32.8370727,-97.08195409999999,53224,15.1
692,Colorado,Castle Rock,39.3722121,-104.8560902,53063,153.5
693,California,Cathedral City,33.7805388,-116.4668036,52977,23.2
694,Tennessee,Kingsport,36.548434,-82.5618186,52962,16.7
695,Arizona,Lake Havasu City,34.483901,-114.3224548,52844,24.6
696,Florida,Pensacola,30.42130899999999,-87.2169149,52703,-6
697,New Jersey,Hoboken,40.7439905,-74.0323626,52575,35.8
698,California,Yucaipa,34.033625,-117.0430865,52536,26.8
699,California,Watsonville,36.910231,-121.7568946,52477,12.7
700,Washington,Richland,46.2856907,-119.2844621,52413,34.6
701,California,Delano,35.7688425,-119.2470536,52403,31.8
702,Illinois,Hoffman Estates,42.0629915,-88.12271989999999,52398,5.4
703,Missouri,Florissant,38.789217,-90.322614,52363,-2.8
704,California,Placentia,33.8722371,-117.8703363,52206,11.8
705,New Jersey,West New York,40.7878788,-74.0143064,52122,13.3
706,California,Dublin,37.7021521,-121.9357918,52105,70
707,Illinois,Oak Park,41.8850317,-87.7845025,52066,-0.8
708,Massachusetts,Peabody,42.5278731,-70.9286609,52044,7.5
709,New Jersey,Perth Amboy,40.5067723,-74.2654234,51982,9.7
710,Michigan,Battle Creek,42.3211522,-85.17971419999999,51848,-2.8
711,Florida,Bradenton,27.4989278,-82.5748194,51763,3.4
712,California,Gilroy,37.0057816,-121.5682751,51701,23.9
713,Connecticut,Milford,41.2306979,-73.064036,51644,1.8
714,Oregon,Albany,44.6365107,-123.1059282,51583,25.5
715,Iowa,Ankeny,41.7317884,-93.6001278,51567,86.9
716,Wisconsin,La Crosse,43.8013556,-91.23958069999999,51522,-0.8
717,North Carolina,Burlington,36.0956918,-79.43779909999999,51510,12.1
718,Texas,DeSoto,32.5896998,-96.8570738,51483,36
719,Virginia,Harrisonburg,38.4495688,-78.8689155,51395,27.1
720,Minnesota,Minnetonka,44.9211836,-93.4687489,51368,0.4
721,Indiana,Elkhart,41.6819935,-85.9766671,51265,-2.5
722,Ohio,Lakewood,41.4819932,-81.7981908,51143,-9.4
723,California,Glendora,34.1361187,-117.865339,51074,3.1
724,Mississippi,Southaven,34.9889818,-90.0125913,50997,72.8
725,West Virginia,Charleston,38.3498195,-81.6326234,50821,-4.7
726,Missouri,Joplin,37.08422710000001,-94.51328099999999,50789,11.2
727,Oklahoma,Enid,36.3955891,-97.8783911,50725,8.1
728,Florida,Palm Beach Gardens,26.8233946,-80.13865469999999,50699,39.6
729,Georgia,Brookhaven,33.8651033,-84.3365917,50603,0
730,New Jersey,Plainfield,40.6337136,-74.4073736,50588,5.7
731,Nebraska,Grand Island,40.9263957,-98.3420118,50550,16
732,California,Palm Desert,33.7222445,-116.3744556,50508,13.2
733,North Carolina,Huntersville,35.410694,-80.84285040000002,50458,92.9
734,Oregon,Tigard,45.4312294,-122.7714861,50444,17.8
735,Kansas,Lenexa,38.9536174,-94.73357089999999,50344,24.6
736,Michigan,Saginaw,43.4194699,-83.9508068,50303,-18.2
737,Michigan,Kentwood,42.8694731,-85.64474919999999,50233,10.5
738,Florida,Doral,25.8195424,-80.3553302,50213,137.6
739,Minnesota,Apple Valley,44.7319094,-93.21772000000001,50201,9.2
740,Texas,Grapevine,32.9342919,-97.0780654,50195,17.6
741,California,Aliso Viejo,33.5676842,-117.7256083,50175,25.4
742,Washington,Sammamish,47.61626829999999,-122.0355736,50169,44.1
743,Arizona,Casa Grande,32.8795022,-111.7573521,50111,86
744,Florida,Pinellas Park,27.8428025,-82.6995443,49998,5.9
745,New York,Troy,42.7284117,-73.69178509999999,49974,1.5
746,California,West Sacramento,38.5804609,-121.530234,49891,55.6
747,Washington,Burien,47.4703767,-122.3467918,49858,56.7
748,Colorado,Commerce City,39.8083196,-104.9338675,49799,135.4
749,Louisiana,Monroe,32.5093109,-92.1193012,49761,-6.1
750,California,Cerritos,33.8583483,-118.0647871,49707,-3.6
751,Illinois,Downers Grove,41.8089191,-88.01117459999999,49670,0
752,Florida,Coral Gables,25.72149,-80.2683838,49631,16.1
753,North Carolina,Wilson,35.7212689,-77.9155395,49628,10.1
754,New York,Niagara Falls,43.0962143,-79.0377388,49468,-10.8
755,California,Poway,32.9628232,-117.0358646,49417,2.4
756,Minnesota,Edina,44.8896866,-93.3499489,49376,4.1
757,Ohio,Cuyahoga Falls,41.1339449,-81.48455849999999,49267,-0.2
758,California,Rancho Santa Margarita,33.640855,-117.603104,49228,4.6
759,Pennsylvania,Harrisburg,40.2731911,-76.8867008,49188,0.6
760,West Virginia,Huntington,38.4192496,-82.44515400000002,49177,-5
761,California,La Mirada,33.9172357,-118.0120086,49133,4.6
762,California,Cypress,33.8169599,-118.0372852,49087,5.3
763,Idaho,Caldwell,43.66293839999999,-116.6873596,48957,77.1
764,Utah,Logan,41.7369803,-111.8338359,48913,14.5
765,Texas,Galveston,29.3013479,-94.7976958,48733,-15.2
766,Wisconsin,Sheboygan,43.7508284,-87.71453,48725,-3.9
767,Ohio,Middletown,39.5150576,-84.39827629999999,48630,-5.7
768,Utah,Murray,40.6668916,-111.8879909,48612,6.6
769,New Mexico,Roswell,33.3942655,-104.5230242,48611,7.5
770,Colorado,Parker,39.5186002,-104.7613633,48608,96.4
771,Texas,Bedford,32.844017,-97.1430671,48592,2.9
772,Michigan,East Lansing,42.7369792,-84.48386540000001,48554,4.2
773,Massachusetts,Methuen,42.7262016,-71.1908924,48514,10.3
774,California,Covina,34.0900091,-117.8903397,48508,3.3
775,Louisiana,Alexandria,31.3112936,-92.4451371,48426,4.1
776,Washington,Olympia,47.0378741,-122.9006951,48338,12.1
777,Ohio,Euclid,41.5931049,-81.5267873,48139,-8.4
778,Indiana,Mishawaka,41.6619927,-86.15861559999999,47989,2
779,Kansas,Salina,38.8402805,-97.61142369999999,47846,4.5
780,California,Azusa,34.1336186,-117.9075627,47842,6.7
781,Ohio,Newark,40.0581205,-82.4012642,47777,3.1
782,Missouri,Chesterfield,38.6631083,-90.5770675,47749,1.9
783,Virginia,Leesburg,39.1156615,-77.56360149999999,47673,66
784,Georgia,Dunwoody,33.9462125,-84.3346473,47591,0
785,Mississippi,Hattiesburg,31.3271189,-89.29033919999999,47556,3.1
786,Michigan,Roseville,42.4972583,-82.9371409,47555,-1
787,Florida,Bonita Springs,26.339806,-81.7786972,47547,43.8
788,Michigan,Portage,42.2011538,-85.5800022,47523,5.7
789,Minnesota,St. Louis Park,44.9597376,-93.3702186,47411,7.3
790,Tennessee,Collierville,35.042036,-89.6645266,47333,43.4
791,Connecticut,Middletown,41.5623209,-72.6506488,47333,3.6
792,Oklahoma,Stillwater,36.1156071,-97.0583681,47186,20.1
793,Rhode Island,East Providence,41.8137116,-71.3700545,47149,-3.3
794,Indiana,Lawrence,39.8386516,-86.0252612,47135,20.5
795,Wisconsin,Wauwatosa,43.0494572,-88.0075875,47134,0
796,Ohio,Mentor,41.6661573,-81.339552,46979,-6.6
797,California,Ceres,37.5949316,-120.9577098,46714,34
798,Texas,Cedar Hill,32.5884689,-96.9561152,46663,42.4
799,Ohio,Mansfield,40.75839,-82.5154471,46454,-10.1
800,New York,Binghamton,42.09868669999999,-75.91797380000001,46444,-1.7
801,Idaho,Coeur d'Alene,47.6776832,-116.7804664,46402,32.8
802,California,San Luis Obispo,35.2827524,-120.6596156,46377,4.4
803,North Dakota,Minot,48.2329668,-101.2922906,46321,26.6
804,California,Palm Springs,33.8302961,-116.5452921,46281,7.7
805,Arkansas,Pine Bluff,34.2284312,-92.00319549999999,46094,-16.2
806,Texas,Texas City,29.383845,-94.9027002,46081,10.3
807,South Carolina,Summerville,33.0185039,-80.17564809999999,46074,62.9
808,Idaho,Twin Falls,42.5629668,-114.4608711,45981,31.5
809,Indiana,Jeffersonville,38.2775702,-85.7371847,45929,53.3
810,California,San Jacinto,33.7839084,-116.958635,45851,91.8
811,Alabama,Madison,34.6992579,-86.74833180000002,45799,53.7
812,Pennsylvania,Altoona,40.5186809,-78.3947359,45796,-7.3
813,Indiana,Columbus,39.2014404,-85.9213796,45775,16.4
814,Ohio,Beavercreek,39.7092262,-84.06326849999999,45712,19
815,Florida,Apopka,28.6934076,-81.5322149,45587,63.9
816,Illinois,Elmhurst,41.8994744,-87.9403418,45556,5.7
817,Arizona,Maricopa,33.0581063,-112.0476423,45508,503.4
818,New Mexico,Farmington,36.72805830000001,-108.2186856,45426,18.1
819,Illinois,Glenview,42.0697509,-87.7878408,45417,5.2
820,Ohio,Cleveland Heights,41.5200518,-81.556235,45394,-10.3
821,Utah,Draper,40.5246711,-111.8638226,45285,77.4
822,California,Lincoln,38.891565,-121.2930079,45237,285.2
823,Arizona,Sierra Vista,31.5455001,-110.2772856,45129,19.3
824,Washington,Lacey,47.03426289999999,-122.8231915,44919,41.7
825,Mississippi,Biloxi,30.3960318,-88.88530779999999,44820,-11.5
826,Ohio,Strongsville,41.3144966,-81.83569,44730,1.9
827,Massachusetts,Barnstable Town,41.7003208,-70.3002024,44641,-7.1
828,Texas,Wylie,33.0151201,-96.5388789,44575,185.2
829,New Jersey,Sayreville,40.45940210000001,-74.360846,44412,9.6
830,North Carolina,Kannapolis,35.4873613,-80.6217341,44359,18.6
831,Virginia,Charlottesville,38.0293059,-78.47667810000002,44349,10.5
832,Colorado,Littleton,39.613321,-105.0166498,44275,9.4
833,Florida,Titusville,28.6122187,-80.8075537,44206,7.8
834,New Jersey,Hackensack,40.8859325,-74.0434736,44113,2.9
835,California,Newark,37.5296593,-122.0402399,44096,3.3
836,Massachusetts,Pittsfield,42.4500845,-73.2453824,44057,-3.6
837,Pennsylvania,York,39.9625984,-76.727745,43935,6.4
838,Illinois,Lombard,41.8800296,-88.00784349999999,43907,2.9
839,Massachusetts,Attleboro,41.94454409999999,-71.2856082,43886,4.6
840,Illinois,DeKalb,41.9294736,-88.75036469999999,43849,11.8
841,Virginia,Blacksburg,37.2295733,-80.4139393,43609,9.4
842,Ohio,Dublin,40.0992294,-83.1140771,43607,37.6
843,Texas,Haltom City,32.7995738,-97.26918169999999,43580,11.4
844,California,Lompoc,34.6391501,-120.4579409,43509,5.5
845,California,El Centro,32.792,-115.5630514,43363,13.7
846,California,Danville,37.8215929,-121.9999606,43341,3.7
847,Missouri,Jefferson City,38.57670170000001,-92.1735164,43330,6.7
848,Florida,Cutler Bay,25.5808323,-80.34685929999999,43328,42.9
849,Florida,Oakland Park,26.1723065,-80.1319893,43286,2.7
850,Florida,North Miami Beach,25.9331488,-80.1625463,43250,3.6
851,New York,Freeport,40.6576022,-73.58318349999999,43167,-1.4
852,Illinois,Moline,41.5067003,-90.51513419999999,43116,-1.9
853,California,Coachella,33.6803003,-116.173894,43092,88.4
854,Florida,Fort Pierce,27.4467056,-80.3256056,43074,6.9
855,Tennessee,Smyrna,35.9828412,-86.5186045,43060,54.9
856,Utah,Bountiful,40.8893895,-111.880771,43023,3.9
857,Wisconsin,Fond du Lac,43.7730448,-88.4470508,42970,1.7
858,Massachusetts,Everett,42.40843,-71.0536625,42935,12.1
859,Virginia,Danville,36.5859718,-79.39502279999999,42907,-11
860,Texas,Keller,32.9341893,-97.229298,42907,53.3
861,Illinois,Belleville,38.5200504,-89.9839935,42895,1.2
862,California,Bell Gardens,33.9652918,-118.1514588,42889,-2.7
863,Tennessee,Cleveland,35.1595182,-84.8766115,42774,14.1
864,Florida,North Lauderdale,26.217305,-80.2258811,42757,10.8
865,Ohio,Fairfield,39.3454673,-84.5603187,42635,1.2
866,Massachusetts,Salem,42.51954,-70.8967155,42544,5.1
867,California,Rancho Palos Verdes,33.7444613,-118.3870173,42448,2.9
868,California,San Bruno,37.6304904,-122.4110835,42443,5.6
869,New Hampshire,Concord,43.2081366,-71.5375718,42419,4.1
870,Vermont,Burlington,44.4758825,-73.21207199999999,42284,6.1
871,North Carolina,Apex,35.732652,-78.85028559999999,42214,98.8
872,Michigan,Midland,43.6155825,-84.2472116,42181,0.9
873,Florida,Altamonte Springs,28.6611089,-81.3656242,42150,2
874,Kansas,Hutchinson,38.0608445,-97.92977429999999,41889,0.1
875,Illinois,Buffalo Grove,42.1662831,-87.9631308,41778,-3.4
876,Iowa,Urbandale,41.6266555,-93.71216559999999,41776,41.5
877,Pennsylvania,State College,40.7933949,-77.8600012,41757,8.7
878,Illinois,Urbana,40.1105875,-88.2072697,41752,10.3
879,Illinois,Plainfield,41.632223,-88.2120315,41734,203.6
880,Virginia,Manassas,38.7509488,-77.47526669999999,41705,19.5
881,Illinois,Bartlett,41.9950276,-88.1856301,41679,13.1
882,New Jersey,Kearny,40.7684342,-74.1454214,41664,2.8
883,Arizona,Oro Valley,32.3909071,-110.966488,41627,27
884,Ohio,Findlay,41.04422,-83.6499321,41512,5.8
885,California,Rohnert Park,38.3396367,-122.7010984,41398,0
887,Massachusetts,Westfield,42.1250929,-72.749538,41301,3
886,New Jersey,Linden,40.6220478,-74.24459019999999,41301,4.7
888,South Carolina,Sumter,33.9204354,-80.3414693,41190,1.3
889,Pennsylvania,Wilkes-Barre,41.2459149,-75.88130749999999,41108,-4.3
890,Rhode Island,Woonsocket,42.00287609999999,-71.51478390000001,41026,-5.2
891,Massachusetts,Leominster,42.5250906,-71.759794,41002,-1.1
892,Connecticut,Shelton,41.3164856,-73.0931641,40999,7.3
893,California,Brea,33.9166805,-117.9000604,40963,15.2
894,Kentucky,Covington,39.0836712,-84.5085536,40956,-4.7
895,Texas,Rockwall,32.93123360000001,-96.4597089,40922,117.2
896,Mississippi,Meridian,32.3643098,-88.703656,40921,-0.9
897,Utah,Riverton,40.521893,-111.9391023,40921,61.6
898,Florida,St. Cloud,28.2489016,-81.2811801,40918,86.2
899,Illinois,Quincy,39.9356016,-91.4098726,40915,0.5
900,California,Morgan Hill,37.1305012,-121.6543901,40836,19.5
901,Ohio,Warren,41.2375569,-80.81841659999999,40768,-15.2
902,Washington,Edmonds,47.8106521,-122.3773552,40727,2.9
903,Texas,Burleson,32.5420821,-97.3208492,40714,85.3
904,Massachusetts,Beverly,42.5584283,-70.880049,40664,2
905,Minnesota,Mankato,44.1635775,-93.99939959999999,40641,24.7
906,Maryland,Hagerstown,39.6417629,-77.71999319999999,40612,10.4
907,Arizona,Prescott,34.5400242,-112.4685025,40590,18.1
908,California,Campbell,37.2871651,-121.9499568,40584,4.2
909,Iowa,Cedar Falls,42.5348993,-92.4453161,40566,12
910,California,Beaumont,33.9294606,-116.977248,40481,254.5
911,California,La Puente,34.0200114,-117.9495083,40435,-1.6
912,Illinois,Crystal Lake,42.2411344,-88.31619649999999,40388,5.3
913,Massachusetts,Fitchburg,42.5834228,-71.8022955,40383,3.5
914,Illinois,Carol Stream,41.91252859999999,-88.13479269999999,40379,-0.2
915,North Carolina,Hickory,35.7344538,-81.3444573,40361,7
916,Illinois,Streamwood,42.0255827,-88.17840849999999,40351,10.1
917,Connecticut,Norwich,41.5242649,-72.07591049999999,40347,11.6
918,Texas,Coppell,32.9545687,-97.01500779999999,40342,10.3
919,California,San Gabriel,34.09611110000001,-118.1058333,40275,0.9
920,Massachusetts,Holyoke,42.2042586,-72.6162009,40249,0.9
921,Arkansas,Bentonville,36.3728538,-94.2088172,40167,97.7
922,Alabama,Florence,34.79981,-87.677251,40059,10.2
923,Georgia,Peachtree Corners,33.9698929,-84.2214551,40059,0
924,Tennessee,Brentwood,36.0331164,-86.78277720000001,40021,51.9
925,Montana,Bozeman,45.6769979,-111.0429339,39860,41.9
926,Wisconsin,New Berlin,42.9764027,-88.1084224,39834,3.6
927,South Carolina,Goose Creek,32.9810059,-80.03258670000001,39823,26.1
928,Texas,Huntsville,30.7235263,-95.55077709999999,39795,13.2
929,Arizona,Prescott Valley,34.6100243,-112.315721,39791,62.9
930,Minnesota,Maplewood,44.9530215,-92.9952153,39765,12.3
931,Illinois,Romeoville,41.6475306,-88.0895061,39650,79.5
932,Texas,Duncanville,32.6518004,-96.9083366,39605,9.7
933,New Jersey,Atlantic City,39.3642834,-74.4229266,39551,-2.2
934,New Mexico,Clovis,34.4047987,-103.2052272,39508,21.3
935,Texas,The Colony,33.0806083,-96.89283089999999,39458,45.7
936,California,Culver City,34.0211224,-118.3964665,39428,1.3
937,Massachusetts,Marlborough,42.3459271,-71.5522874,39414,7.6
938,South Carolina,Hilton Head Island,32.216316,-80.752608,39412,16
939,Minnesota,Moorhead,46.8737648,-96.76780389999999,39398,21.3
940,California,Calexico,32.6789476,-115.4988834,39389,44
941,Arizona,Bullhead City,35.1359386,-114.5285981,39383,15.9
942,Tennessee,Germantown,35.0867577,-89.8100858,39375,4.1
943,California,La Quinta,33.6633573,-116.3100095,39331,59.9
944,Ohio,Lancaster,39.7136754,-82.5993294,39325,10.7
945,Wisconsin,Wausau,44.9591352,-89.6301221,39309,1.7
946,Texas,Sherman,33.6356618,-96.6088805,39296,11.6
947,Florida,Ocoee,28.5691677,-81.5439619,39172,57.9
948,Minnesota,Shakopee,44.7973962,-93.5272861,39167,85.7
949,Massachusetts,Woburn,42.4792618,-71.1522765,39083,4.4
950,Washington,Bremerton,47.5673202,-122.6329356,39056,4.9
951,Illinois,Rock Island,41.5094771,-90.5787476,38877,-1.9
952,Oklahoma,Muskogee,35.7478769,-95.3696909,38863,-0.7
953,Missouri,Cape Girardeau,37.3058839,-89.51814759999999,38816,9.4
954,Maryland,Annapolis,38.9784453,-76.4921829,38722,7.6
955,Florida,Greenacres,26.6276276,-80.1353896,38696,35.5
956,Florida,Ormond Beach,29.2858129,-81.0558894,38661,5.8
957,Florida,Hallandale Beach,25.9812024,-80.14837899999999,38632,12.4
958,California,Stanton,33.8025155,-117.9931165,38623,2.8
959,Washington,Puyallup,47.1853785,-122.2928974,38609,11.8
960,California,Pacifica,37.6138253,-122.4869194,38606,0.5
961,Illinois,Hanover Park,41.9994722,-88.1450735,38510,0.6
962,Texas,Hurst,32.8234621,-97.1705678,38448,5.8
963,Ohio,Lima,40.742551,-84.1052256,38355,-8.1
964,Arizona,Marana,32.436381,-111.2224422,38290,166.2
965,Illinois,Carpentersville,42.1211364,-88.2578582,38241,22.8
966,California,Oakley,37.9974219,-121.7124536,38194,47.7
967,Ohio,Huber Heights,39.843947,-84.12466080000002,38142,-0.2
968,Texas,Lancaster,32.5920798,-96.7561082,38071,46.4
969,California,Montclair,34.0775104,-117.6897776,38027,12.1
970,Illinois,Wheeling,42.1391927,-87.9289591,38015,4.8
971,Wisconsin,Brookfield,43.0605671,-88.1064787,37999,-1.9
972,Illinois,Park Ridge,42.0111412,-87.84061919999999,37839,0.1
973,South Carolina,Florence,34.1954331,-79.7625625,37792,19.8
974,Utah,Roy,41.1616108,-112.0263313,37733,13.3
975,Florida,Winter Garden,28.5652787,-81.58618469999999,37711,142.5
976,Massachusetts,Chelsea,42.3917638,-71.0328284,37670,7.3
977,New York,Valley Stream,40.6642699,-73.70846449999999,37659,3.6
978,South Carolina,Spartanburg,34.9495672,-81.9320482,37647,-6.2
979,Oregon,Lake Oswego,45.42067489999999,-122.6706498,37610,5.3
980,Texas,Friendswood,29.5293998,-95.2010447,37587,28.6
981,Ohio,Westerville,40.1261743,-82.92906959999999,37530,5.7
982,Colorado,Northglenn,39.8961821,-104.9811468,37499,15.5
983,Alabama,Phenix City,32.4709761,-85.0007653,37498,31.9
984,Ohio,Grove City,39.88145189999999,-83.0929644,37490,35.6
985,Texas,Texarkana,33.425125,-94.04768820000001,37442,7.4
986,Illinois,Addison,41.931696,-87.9889556,37385,2.6
987,Delaware,Dover,39.158168,-75.5243682,37366,16
988,Michigan,Lincoln Park,42.2505943,-83.1785361,37313,-6.7
989,Illinois,Calumet City,41.6155909,-87.5294871,37240,-4.5
990,Michigan,Muskegon,43.2341813,-86.24839209999999,37213,-7.1
991,Florida,Aventura,25.9564812,-80.1392121,37199,47.2
992,California,Martinez,38.0193657,-122.1341321,37165,3.4
993,Wisconsin,Greenfield,42.9614039,-88.0125865,37159,4.8
994,Arizona,Apache Junction,33.4150485,-111.5495777,37130,15.7
995,California,Monrovia,34.1442616,-118.0019482,37101,0.2
996,Texas,Weslaco,26.1595194,-97.9908366,37093,28.8
997,Oregon,Keizer,44.9901194,-123.0262077,37064,14.4
998,Utah,Spanish Fork,40.114955,-111.654923,36956,78.1
999,Wisconsin,Beloit,42.5083482,-89.03177649999999,36888,2.9
1000,Florida,Panama City,30.1588129,-85.6602058,36877,0.1
63,Alaska,Anchorage,61.2180556,-149.9002778,300950,15.4
54,Hawaii,Honolulu,21.3069444,-157.8583333,347884,-6.2
