[
    {
        "type": "Feature",
        "id": "pv932yw9333.7",
        "geometry": {
            "type": "MultiPolygon",
            "coordinates": [
                [
                    [
                        [
                            -59.57209469,
                            -80.04017873
                        ],
                        [
                            -59.86584937,
                            -80.54965667
                        ],
                        [
                            -60.15965573,
                            -81.00032684
                        ],
                        [
                            -62.25539344,
                            -80.86317759
                        ],
                        [
                            -64.48812537,
                            -80.92193369
                        ],
                        [
                            -65.74166643,
                            -80.58882741
                        ],
                        [
                            -65.74166643,
                            -80.54965667
                        ],
                        [
                            -66.29003089,
                            -80.2557728
                        ],
                        [
                            -64.03768775,
                            -80.29494354
                        ],
                        [
                            -61.88324561,
                            -80.39287038
                        ],
                        [
                            -61.1389758,
                            -79.98137095
                        ],
                        [
                            -60.61011919,
                            -79.62867929
                        ],
                        [
                            -59.57209469,
                            -80.04017873
                        ]
                    ]
                ],
                [
                    [
                        [
                            -159.20818356,
                            -79.49705942
                        ],
                        [
                            -161.12760128,
                            -79.63420867
                        ],
                        [
                            -162.43984677,
                            -79.28146535
                        ],
                        [
                            -163.0274078,
                            -78.9287737
                        ],
                        [
                            -163.06660438,
                            -78.86996592
                        ],
                        [
                            -163.71289568,
                            -78.59566741
                        ],
                        [
                            -163.71289568,
                            -78.59566661
                        ],
                        [
                            -163.10580095,
                            -78.22333791
                        ],
                        [
                            -161.24511349,
                            -78.38017588
                        ],
                        [
                            -160.24620806,
                            -78.69364512
                        ],
                        [
                            -159.48240455,
                            -79.04633758
                        ],
                        [
                            -159.20818356,
                            -79.49705942
                        ]
                    ]
                ],
                [
                    [
                        [
                            -45.15475766,
                            -78.0470696
                        ],
                        [
                            -43.92082781,
                            -78.47810272
                        ],
                        [
                            -43.48994971,
                            -79.08555999
                        ],
                        [
                            -43.37243751,
                            -79.51664479
                        ],
                        [
                            -43.33326677,
                            -80.02612274
                        ],
                        [
                            -44.88053667,
                            -80.33964365
                        ],
                        [
                            -46.50617388,
                            -80.59435678
                        ],
                        [
                            -48.38642086,
                            -80.82948455
                        ],
                        [
                            -50.4821069,
                            -81.02544158
                        ],
                        [
                            -52.85198808,
                            -80.96668548
                        ],
                        [
                            -54.16425941,
                            -80.63352752
                        ],
                        [
                            -53.9879911,
                            -80.22202809
                        ],
                        [
                            -51.85313432,
                            -79.94772959
                        ],
                        [
                            -50.99132646,
                            -79.61462331
                        ],
                        [
                            -50.36459469,
                            -79.18348683
                        ],
                        [
                            -49.91413123,
                            -78.811209
                        ],
                        [
                            -49.30695899,
                            -78.45856903
                        ],
                        [
                            -48.66061601,
                            -78.04701792
                        ],
                        [
                            -48.66061601,
                            -78.04701873
                        ],
                        [
                            -48.15139645,
                            -78.0470696
                        ],
                        [
                            -46.66285682,
                            -77.83147553
                        ],
                        [
                            -45.15475766,
                            -78.0470696
                        ]
                    ]
                ],
                [
                    [
                        [
                            -121.21151139,
                            -73.5009905
                        ],
                        [
                            -119.91885128,
                            -73.65772512
                        ],
                        [
                            -118.72414303,
                            -73.48135345
                        ],
                        [
                            -119.2921187,
                            -73.83409678
                        ],
                        [
                            -120.23221716,
                            -74.08880992
                        ],
                        [
                            -121.62282996,
                            -74.01046844
                        ],
                        [
                            -122.62173459,
                            -73.6577776
                        ],
                        [
                            -122.62173539,
                            -73.65777679
                        ],
                        [
                            -122.40624467,
                            -73.32461884
                        ],
                        [
                            -121.21151139,
                            -73.5009905
                        ]
                    ]
                ],
                [
                    [
                        [
                            -125.55956641,
                            -73.48135345
                        ],
                        [
                            -124.03188188,
                            -73.87326752
                        ],
                        [
                            -124.61946875,
                            -73.83409678
                        ],
                        [
                            -125.91218054,
                            -73.73611827
                        ],
                        [
                            -127.28312965,
                            -73.46176889
                        ],
                        [
                            -127.28313045,
                            -73.46176809
                        ],
                        [
                            -126.55847184,
                            -73.24622569
                        ],
                        [
                            -125.55956641,
                            -73.48135345
                        ]
                    ]
                ],
                [
                    [
                        [
                            -98.98154965,
                            -71.93333425
                        ],
                        [
                            -97.88474321,
                            -72.07053518
                        ],
                        [
                            -96.78793677,
                            -71.95297129
                        ],
                        [
                            -96.2003499,
                            -72.52120534
                        ],
                        [
                            -96.98376461,
                            -72.44286387
                        ],
                        [
                            -98.19808326,
                            -72.48203461
                        ],
                        [
                            -99.43201311,
                            -72.44286387
                        ],
                        [
                            -100.78345517,
                            -72.50161997
                        ],
                        [
                            -101.80186846,
                            -72.30566294
                        ],
                        [
                            -102.33072506,
                            -71.89416432
                        ],
                        [
                            -102.33072506,
                            -71.89416351
                        ],
                        [
                            -101.70396745,
                            -71.71779185
                        ],
                        [
                            -100.43091855,
                            -71.85499278
                        ],
                        [
                            -98.98154965,
                            -71.93333425
                        ]
                    ]
                ],
                [
                    [
                        [
                            -68.45134599,
                            -70.95582286
                        ],
                        [
                            -68.33383379,
                            -71.40649302
                        ],
                        [
                            -68.51012794,
                            -71.79840708
                        ],
                        [
                            -68.78429725,
                            -72.17073578
                        ],
                        [
                            -69.95947099,
                            -72.30788503
                        ],
                        [
                            -71.07588864,
                            -72.50384206
                        ],
                        [
                            -72.38813412,
                            -72.48425669
                        ],
                        [
                            -71.89849993,
                            -72.09234263
                        ],
                        [
                            -73.073622,
                            -72.22949188
                        ],
                        [
                            -74.19003964,
                            -72.36669281
                        ],
                        [
                            -74.95389482,
                            -72.07275726
                        ],
                        [
                            -75.01262509,
                            -71.66125783
                        ],
                        [
                            -73.91581865,
                            -71.26934458
                        ],
                        [
                            -73.91581865,
                            -71.26934377
                        ],
                        [
                            -73.23033078,
                            -71.15177989
                        ],
                        [
                            -72.07471656,
                            -71.19095062
                        ],
                        [
                            -71.78096188,
                            -70.68147268
                        ],
                        [
                            -71.72217994,
                            -70.30919566
                        ],
                        [
                            -71.74179114,
                            -69.50578217
                        ],
                        [
                            -71.17381548,
                            -69.03547496
                        ],
                        [
                            -70.25325151,
                            -68.87874034
                        ],
                        [
                            -69.72444658,
                            -69.25101735
                        ],
                        [
                            -69.48942217,
                            -69.62334605
                        ],
                        [
                            -69.05851824,
                            -70.07401622
                        ],
                        [
                            -68.72554114,
                            -70.50515269
                        ],
                        [
                            -68.45134599,
                            -70.95582286
                        ]
                    ]
                ],
                [
                    [
                        [
                            -58.61414283,
                            -64.15246713
                        ],
                        [
                            -59.0450726,
                            -64.36800953
                        ],
                        [
                            -59.78934241,
                            -64.21122323
                        ],
                        [
                            -60.61192786,
                            -64.30920175
                        ],
                        [
                            -61.29741574,
                            -64.54432952
                        ],
                        [
                            -62.02210019,
                            -64.79909433
                        ],
                        [
                            -62.51176022,
                            -65.09302987
                        ],
                        [
                            -62.64885779,
                            -65.48494232
                        ],
                        [
                            -62.59012753,
                            -65.85721934
                        ],
                        [
                            -62.1200787,
                            -66.19032562
                        ],
                        [
                            -62.80556658,
                            -66.42550507
                        ],
                        [
                            -63.74569007,
                            -66.50384654
                        ],
                        [
                            -64.29410621,
                            -66.8370045
                        ],
                        [
                            -64.88169308,
                            -67.15047373
                        ],
                        [
                            -65.50842485,
                            -67.58161021
                        ],
                        [
                            -65.66508196,
                            -67.95388723
                        ],
                        [
                            -65.31254534,
                            -68.36533498
                        ],
                        [
                            -64.78371457,
                            -68.67890757
                        ],
                        [
                            -63.96110328,
                            -68.91398366
                        ],
                        [
                            -63.19729977,
                            -69.22755625
                        ],
                        [
                            -62.78595537,
                            -69.61941864
                        ],
                        [
                            -62.57051632,
                            -69.99174733
                        ],
                        [
                            -62.27673581,
                            -70.3836614
                        ],
                        [
                            -61.80666114,
                            -70.71676768
                        ],
                        [
                            -61.51290646,
                            -71.0890447
                        ],
                        [
                            -61.37580889,
                            -72.01007375
                        ],
                        [
                            -61.08197669,
                            -72.38235077
                        ],
                        [
                            -61.00366106,
                            -72.77426483
                        ],
                        [
                            -60.69026933,
                            -73.16617889
                        ],
                        [
                            -60.82736691,
                            -73.69524221
                        ],
                        [
                            -61.37580889,
                            -74.10674164
                        ],
                        [
                            -61.96336992,
                            -74.43984792
                        ],
                        [
                            -63.29520077,
                            -74.57699717
                        ],
                        [
                            -63.74569007,
                            -74.9297405
                        ],
                        [
                            -64.35283647,
                            -75.26284678
                        ],
                        [
                            -65.86098731,
                            -75.6351238
                        ],
                        [
                            -67.19281816,
                            -75.7919101
                        ],
                        [
                            -68.4462817,
                            -76.00745249
                        ],
                        [
                            -69.79772376,
                            -76.22299489
                        ],
                        [
                            -70.60072384,
                            -76.63449432
                        ],
                        [
                            -72.20677568,
                            -76.67366506
                        ],
                        [
                            -73.9695363,
                            -76.63449432
                        ],
                        [
                            -75.55597694,
                            -76.71288747
                        ],
                        [
                            -77.24037025,
                            -76.71288747
                        ],
                        [
                            -76.92697852,
                            -77.10480153
                        ],
                        [
                            -75.39929399,
                            -77.28106984
                        ],
                        [
                            -74.28287635,
                            -77.55542002
                        ],
                        [
                            -73.65611874,
                            -77.90811167
                        ],
                        [
                            -74.77253638,
                            -78.22163259
                        ],
                        [
                            -76.49610043,
                            -78.12365407
                        ],
                        [
                            -77.92585812,
                            -78.37841888
                        ],
                        [
                            -77.9846659,
                            -78.78991831
                        ],
                        [
                            -78.02378496,
                            -79.18183318
                        ],
                        [
                            -76.84863705,
                            -79.51493947
                        ],
                        [
                            -76.63322384,
                            -79.88721649
                        ],
                        [
                            -75.36009742,
                            -80.25954518
                        ],
                        [
                            -73.24485185,
                            -80.41633148
                        ],
                        [
                            -71.44294634,
                            -80.69062998
                        ],
                        [
                            -70.01316281,
                            -81.00415089
                        ],
                        [
                            -68.19164608,
                            -81.31767181
                        ],
                        [
                            -65.70427853,
                            -81.4744581
                        ],
                        [
                            -63.25603004,
                            -81.74875661
                        ],
                        [
                            -61.55202552,
                            -82.04269215
                        ],
                        [
                            -59.69141557,
                            -82.37585011
                        ],
                        [
                            -58.71212134,
                            -82.84610565
                        ],
                        [
                            -58.22248715,
                            -83.21843434
                        ],
                        [
                            -57.00811683,
                            -82.86569101
                        ],
                        [
                            -55.36289425,
                            -82.57175547
                        ],
                        [
                            -53.61977068,
                            -82.25823455
                        ],
                        [
                            -51.54364417,
                            -82.00352142
                        ],
                        [
                            -49.76134986,
                            -81.72917124
                        ],
                        [
                            -47.27393063,
                            -81.70958587
                        ],
                        [
                            -44.82570797,
                            -81.84673512
                        ],
                        [
                            -42.80836341,
                            -82.08191456
                        ],
                        [
                            -42.16202043,
                            -81.65082977
                        ],
                        [
                            -40.77143348,
                            -81.35689422
                        ],
                        [
                            -38.24481767,
                            -81.33730885
                        ],
                        [
                            -36.26666968,
                            -81.12171478
                        ],
                        [
                            -34.38639686,
                            -80.90617238
                        ],
                        [
                            -32.31029619,
                            -80.76902313
                        ],
                        [
                            -30.09709795,
                            -80.59265146
                        ],
                        [
                            -28.54980221,
                            -80.33793833
                        ],
                        [
                            -29.25490129,
                            -79.985195
                        ],
                        [
                            -29.68580522,
                            -79.63250335
                        ],
                        [
                            -29.68580522,
                            -79.26022633
                        ],
                        [
                            -31.62480832,
                            -79.29939707
                        ],
                        [
                            -33.68132362,
                            -79.45613169
                        ],
                        [
                            -35.63991208,
                            -79.45613169
                        ],
                        [
                            -35.91410723,
                            -79.08385467
                        ],
                        [
                            -35.77700965,
                            -78.33924815
                        ],
                        [
                            -35.32654619,
                            -78.12365407
                        ],
                        [
                            -33.89676266,
                            -77.88852631
                        ],
                        [
                            -32.21236935,
                            -77.65345022
                        ],
                        [
                            -30.99805071,
                            -77.35951467
                        ],
                        [
                            -29.78373206,
                            -77.06557912
                        ],
                        [
                            -28.8827793,
                            -76.67366506
                        ],
                        [
                            -27.51175188,
                            -76.49734507
                        ],
                        [
                            -26.16033566,
                            -76.36014414
                        ],
                        [
                            -25.47482195,
                            -76.28180267
                        ],
                        [
                            -23.92755205,
                            -76.24258026
                        ],
                        [
                            -22.45859778,
                            -76.10543101
                        ],
                        [
                            -21.22469377,
                            -75.90947398
                        ],
                        [
                            -20.01037513,
                            -75.67434621
                        ],
                        [
                            -18.91354285,
                            -75.43921844
                        ],
                        [
                            -17.52298174,
                            -75.12569753
                        ],
                        [
                            -16.64158851,
                            -74.79253957
                        ],
                        [
                            -15.70149085,
                            -74.49860402
                        ],
                        [
                            -15.40771033,
                            -74.10674164
                        ],
                        [
                            -16.4653202,
                            -73.87161387
                        ],
                        [
                            -16.11278358,
                            -73.46011444
                        ],
                        [
                            -15.44685523,
                            -73.14654185
                        ],
                        [
                            -14.4088049,
                            -72.95058482
                        ],
                        [
                            -13.31197262,
                            -72.71545705
                        ],
                        [
                            -12.29350766,
                            -72.40193614
                        ],
                        [
                            -11.5100671,
                            -72.01007375
                        ],
                        [
                            -11.02043291,
                            -71.53976654
                        ],
                        [
                            -10.2957743,
                            -71.26541636
                        ],
                        [
                            -9.10101518,
                            -71.32422414
                        ],
                        [
                            -8.61138099,
                            -71.65733042
                        ],
                        [
                            -7.41662187,
                            -71.69650116
                        ],
                        [
                            -7.37745114,
                            -71.32422414
                        ],
                        [
                            -6.86823157,
                            -70.93231008
                        ],
                        [
                            -5.79098467,
                            -71.03028859
                        ],
                        [
                            -5.53637488,
                            -71.40261729
                        ],
                        [
                            -4.34166745,
                            -71.46137339
                        ],
                        [
                            -3.04898149,
                            -71.28505341
                        ],
                        [
                            -1.79549211,
                            -71.16743785
                        ],
                        [
                            -0.6594891,
                            -71.22624563
                        ],
                        [
                            -0.22863685,
                            -71.63774506
                        ],
                        [
                            0.86819543,
                            -71.30463877
                        ],
                        [
                            1.88668623,
                            -71.12826711
                        ],
                        [
                            3.02263757,
                            -70.99111786
                        ],
                        [
                            4.13905521,
                            -70.85391693
                        ],
                        [
                            5.15754601,
                            -70.61878916
                        ],
                        [
                            6.27391198,
                            -70.46205455
                        ],
                        [
                            7.13571984,
                            -70.24651215
                        ],
                        [
                            7.74286625,
                            -69.89376882
                        ],
                        [
                            8.48711022,
                            -70.14853363
                        ],
                        [
                            9.52513472,
                            -70.0113327
                        ],
                        [
                            10.249845,
                            -70.48163991
                        ],
                        [
                            10.81782067,
                            -70.83433156
                        ],
                        [
                            11.95382368,
                            -70.63837453
                        ],
                        [
                            12.40428714,
                            -70.24651215
                        ],
                        [
                            13.42277795,
                            -69.97216197
                        ],
                        [
                            14.73499759,
                            -70.03091807
                        ],
                        [
                            15.12675663,
                            -70.40324677
                        ],
                        [
                            15.94934208,
                            -70.03091807
                        ],
                        [
                            17.02658898,
                            -69.91335419
                        ],
                        [
                            18.20171105,
                            -69.87418345
                        ],
                        [
                            19.25937259,
                            -69.89376882
                        ],
                        [
                            20.37573856,
                            -70.0113327
                        ],
                        [
                            21.45298547,
                            -70.07014048
                        ],
                        [
                            21.9230343,
                            -70.40324677
                        ],
                        [
                            22.56940311,
                            -70.69718231
                        ],
                        [
                            23.66618371,
                            -70.52081065
                        ],
                        [
                            24.84135746,
                            -70.48163991
                        ],
                        [
                            25.97730879,
                            -70.48163991
                        ],
                        [
                            27.09372643,
                            -70.46205455
                        ],
                        [
                            28.09258019,
                            -70.32485362
                        ],
                        [
                            29.15024173,
                            -70.20728973
                        ],
                        [
                            30.03158329,
                            -69.93293955
                        ],
                        [
                            30.97173262,
                            -69.75661957
                        ],
                        [
                            31.99017175,
                            -69.65864105
                        ],
                        [
                            32.75405277,
                            -69.38429087
                        ],
                        [
                            33.30244307,
                            -68.83564219
                        ],
                        [
                            33.87041874,
                            -68.50258759
                        ],
                        [
                            34.90849491,
                            -68.65927053
                        ],
                        [
                            35.30020226,
                            -69.01201386
                        ],
                        [
                            36.16201013,
                            -69.24714162
                        ],
                        [
                            37.20003462,
                            -69.16874847
                        ],
                        [
                            37.90510786,
                            -69.52144012
                        ],
                        [
                            38.64940352,
                            -69.77620494
                        ],
                        [
                            39.66789432,
                            -69.54107717
                        ],
                        [
                            40.02043094,
                            -69.10994069
                        ],
                        [
                            40.92135786,
                            -68.93362071
                        ],
                        [
                            41.95943404,
                            -68.60051442
                        ],
                        [
                            42.93870243,
                            -68.4633135
                        ],
                        [
                            44.11387617,
                            -68.26740814
                        ],
                        [
                            44.89729089,
                            -68.05186574
                        ],
                        [
                            45.71992801,
                            -67.81673798
                        ],
                        [
                            46.50334273,
                            -67.60119558
                        ],
                        [
                            47.44344038,
                            -67.71875946
                        ],
                        [
                            48.34441898,
                            -67.36606781
                        ],
                        [
                            48.99073612,
                            -67.09171763
                        ],
                        [
                            49.93088545,
                            -67.111303
                        ],
                        [
                            50.7534709,
                            -66.87617523
                        ],
                        [
                            50.94932458,
                            -66.52348358
                        ],
                        [
                            51.79154707,
                            -66.2491334
                        ],
                        [
                            52.61413252,
                            -66.05317637
                        ],
                        [
                            53.61303796,
                            -65.89639008
                        ],
                        [
                            54.53355025,
                            -65.8180486
                        ],
                        [
                            55.41494348,
                            -65.87680471
                        ],
                        [
                            56.35504113,
                            -65.97478322
                        ],
                        [
                            57.15809289,
                            -66.2491334
                        ],
                        [
                            57.25596805,
                            -66.6802182
                        ],
                        [
                            58.13736128,
                            -67.01332448
                        ],
                        [
                            58.74450768,
                            -67.28767466
                        ],
                        [
                            59.93931848,
                            -67.40523855
                        ],
                        [
                            60.60522098,
                            -67.67958872
                        ],
                        [
                            61.42780643,
                            -67.95388723
                        ],
                        [
                            62.38748946,
                            -68.01269501
                        ],
                        [
                            63.19048954,
                            -67.81673798
                        ],
                        [
                            64.05234907,
                            -67.40523855
                        ],
                        [
                            64.99244673,
                            -67.62072927
                        ],
                        [
                            65.97171512,
                            -67.73834483
                        ],
                        [
                            66.91186446,
                            -67.85590871
                        ],
                        [
                            67.89113285,
                            -67.93430186
                        ],
                        [
                            68.89003828,
                            -67.93430186
                        ],
                        [
                            69.71262373,
                            -68.97279144
                        ],
                        [
                            69.673453,
                            -69.22755625
                        ],
                        [
                            69.55594079,
                            -69.67822642
                        ],
                        [
                            68.59625777,
                            -69.93293955
                        ],
                        [
                            67.8127397,
                            -70.30526825
                        ],
                        [
                            67.94988895,
                            -70.69718231
                        ],
                        [
                            69.06630659,
                            -70.67754527
                        ],
                        [
                            68.92915734,
                            -71.06945933
                        ],
                        [
                            68.41998946,
                            -71.44178803
                        ],
                        [
                            67.94988895,
                            -71.85328746
                        ],
                        [
                            68.71376997,
                            -72.16680837
                        ],
                        [
                            69.86930668,
                            -72.26478689
                        ],
                        [
                            71.02489505,
                            -72.08841522
                        ],
                        [
                            71.57328535,
                            -71.69650116
                        ],
                        [
                            71.90628828,
                            -71.32422414
                        ],
                        [
                            72.45462691,
                            -71.01070323
                        ],
                        [
                            73.08141035,
                            -70.71676768
                        ],
                        [
                            73.33602014,
                            -70.36402435
                        ],
                        [
                            73.86487674,
                            -69.87418345
                        ],
                        [
                            74.49155684,
                            -69.77620494
                        ],
                        [
                            75.62755985,
                            -69.7370342
                        ],
                        [
                            76.62646529,
                            -69.61941864
                        ],
                        [
                            77.64490441,
                            -69.46268402
                        ],
                        [
                            78.13453861,
                            -69.07076996
                        ],
                        [
                            78.4283708,
                            -68.69844126
                        ],
                        [
                            79.11385868,
                            -68.32621592
                        ],
                        [
                            80.09312707,
                            -68.07150279
                        ],
                        [
                            80.93534956,
                            -67.87554576
                        ],
                        [
                            81.48379154,
                            -67.5423878
                        ],
                        [
                            82.05176721,
                            -67.36606781
                        ],
                        [
                            82.77642582,
                            -67.20928151
                        ],
                        [
                            83.77533125,
                            -67.30726003
                        ],
                        [
                            84.6762065,
                            -67.20928151
                        ],
                        [
                            85.65552656,
                            -67.09171763
                        ],
                        [
                            86.75235884,
                            -67.15047373
                        ],
                        [
                            87.47701745,
                            -66.87617523
                        ],
                        [
                            87.98628869,
                            -66.20991099
                        ],
                        [
                            88.35841068,
                            -66.48426117
                        ],
                        [
                            88.82840783,
                            -66.95456838
                        ],
                        [
                            89.67063032,
                            -67.15047373
                        ],
                        [
                            90.63036502,
                            -67.22886688
                        ],
                        [
                            91.59009973,
                            -67.111303
                        ],
                        [
                            92.60853885,
                            -67.18969615
                        ],
                        [
                            93.54863651,
                            -67.20928151
                        ],
                        [
                            94.17541996,
                            -67.111303
                        ],
                        [
                            95.01759077,
                            -67.17011078
                        ],
                        [
                            95.7814718,
                            -67.38565318
                        ],
                        [
                            96.68239872,
                            -67.24850393
                        ],
                        [
                            97.75964562,
                            -67.24850393
                        ],
                        [
                            98.68020959,
                            -67.111303
                        ],
                        [
                            99.71818241,
                            -67.24850393
                        ],
                        [
                            100.38418827,
                            -66.91534597
                        ],
                        [
                            100.89335615,
                            -66.58223969
                        ],
                        [
                            101.57889571,
                            -66.30788951
                        ],
                        [
                            102.83241092,
                            -65.56328379
                        ],
                        [
                            103.47867639,
                            -65.70048472
                        ],
                        [
                            104.24255741,
                            -65.97478322
                        ],
                        [
                            104.90845991,
                            -66.32752655
                        ],
                        [
                            106.1815605,
                            -66.93493134
                        ],
                        [
                            107.16088057,
                            -66.95456838
                        ],
                        [
                            108.08139286,
                            -66.95456838
                        ],
                        [
                            109.15863976,
                            -66.8370045
                        ],
                        [
                            110.235835,
                            -66.69980357
                        ],
                        [
                            111.05847212,
                            -66.42550507
                        ],
                        [
                            111.74396,
                            -66.13156952
                        ],
                        [
                            112.86037764,
                            -66.09234711
                        ],
                        [
                            113.60467329,
                            -65.87680471
                        ],
                        [
                            114.38808801,
                            -66.07276174
                        ],
                        [
                            114.89730757,
                            -66.38628265
                        ],
                        [
                            115.60238081,
                            -66.69980357
                        ],
                        [
                            116.69916141,
                            -66.66063283
                        ],
                        [
                            117.38470096,
                            -66.91534597
                        ],
                        [
                            118.57946008,
                            -67.17011078
                        ],
                        [
                            119.83292362,
                            -67.26808929
                        ],
                        [
                            120.87099979,
                            -67.18969615
                        ],
                        [
                            121.6544145,
                            -66.87617523
                        ],
                        [
                            122.32036869,
                            -66.56265432
                        ],
                        [
                            123.22129561,
                            -66.48426117
                        ],
                        [
                            124.1222742,
                            -66.6214621
                        ],
                        [
                            125.16024702,
                            -66.71938894
                        ],
                        [
                            126.10039636,
                            -66.56265432
                        ],
                        [
                            127.00142663,
                            -66.56265432
                        ],
                        [
                            127.88276818,
                            -66.66063283
                        ],
                        [
                            128.80328047,
                            -66.75861135
                        ],
                        [
                            129.70425907,
                            -66.58223969
                        ],
                        [
                            130.7814543,
                            -66.42550507
                        ],
                        [
                            131.7999451,
                            -66.38628265
                        ],
                        [
                            132.93589644,
                            -66.38628265
                        ],
                        [
                            133.8564604,
                            -66.28830414
                        ],
                        [
                            134.75738732,
                            -66.20996267
                        ],
                        [
                            135.03158247,
                            -65.72007009
                        ],
                        [
                            135.07075321,
                            -65.30857066
                        ],
                        [
                            135.69748498,
                            -65.58286916
                        ],
                        [
                            135.87380497,
                            -66.033591
                        ],
                        [
                            136.20670454,
                            -66.44509043
                        ],
                        [
                            136.61804894,
                            -66.77819672
                        ],
                        [
                            137.46027144,
                            -66.95456838
                        ],
                        [
                            138.59622277,
                            -66.8957606
                        ],
                        [
                            139.90844242,
                            -66.87617523
                        ],
                        [
                            140.80942101,
                            -66.81736745
                        ],
                        [
                            142.12169234,
                            -66.81736745
                        ],
                        [
                            143.06184167,
                            -66.79778208
                        ],
                        [
                            144.37406131,
                            -66.8370045
                        ],
                        [
                            145.49042728,
                            -66.91534597
                        ],
                        [
                            146.1955522,
                            -67.22886688
                        ],
                        [
                            145.99969852,
                            -67.60119558
                        ],
                        [
                            146.64606734,
                            -67.89513112
                        ],
                        [
                            147.72326257,
                            -68.13025889
                        ],
                        [
                            148.83962853,
                            -68.3850237
                        ],
                        [
                            150.13231449,
                            -68.56129201
                        ],
                        [
                            151.48370487,
                            -68.71812998
                        ],
                        [
                            152.50224735,
                            -68.87481293
                        ],
                        [
                            153.63819868,
                            -68.89450165
                        ],
                        [
                            154.2845675,
                            -68.56129201
                        ],
                        [
                            155.16585738,
                            -68.83564219
                        ],
                        [
                            155.92979007,
                            -69.14921478
                        ],
                        [
                            156.81113163,
                            -69.38429087
                        ],
                        [
                            158.02552779,
                            -69.48226939
                        ],
                        [
                            159.18101281,
                            -69.59983327
                        ],
                        [
                            159.67069868,
                            -69.99174733
                        ],
                        [
                            160.80665002,
                            -70.2268751
                        ],
                        [
                            161.57047936,
                            -70.57961843
                        ],
                        [
                            162.68689701,
                            -70.73635305
                        ],
                        [
                            163.84243371,
                            -70.71676768
                        ],
                        [
                            164.91968062,
                            -70.77552378
                        ],
                        [
                            166.11443973,
                            -70.75593842
                        ],
                        [
                            167.30909549,
                            -70.83433156
                        ],
                        [
                            168.42561649,
                            -70.97148081
                        ],
                        [
                            169.46358931,
                            -71.20666026
                        ],
                        [
                            170.50166548,
                            -71.40261729
                        ],
                        [
                            171.2067904,
                            -71.69650116
                        ],
                        [
                            171.08922652,
                            -72.08841522
                        ],
                        [
                            170.56042158,
                            -72.44115855
                        ],
                        [
                            170.10995812,
                            -72.89182872
                        ],
                        [
                            169.75736983,
                            -73.24452037
                        ],
                        [
                            169.287321,
                            -73.6560198
                        ],
                        [
                            167.97510135,
                            -73.81280609
                        ],
                        [
                            167.38748864,
                            -74.16549774
                        ],
                        [
                            166.09480269,
                            -74.38104014
                        ],
                        [
                            165.6443909,
                            -74.7729542
                        ],
                        [
                            164.95885135,
                            -75.1452829
                        ],
                        [
                            164.23419274,
                            -75.45880381
                        ],
                        [
                            163.82279667,
                            -75.87030324
                        ],
                        [
                            163.56823856,
                            -76.24258026
                        ],
                        [
                            163.47026004,
                            -76.6933021
                        ],
                        [
                            163.48989709,
                            -77.06557912
                        ],
                        [
                            164.05787276,
                            -77.45744151
                        ],
                        [
                            164.27336348,
                            -77.8297702
                        ],
                        [
                            164.74346398,
                            -78.18251353
                        ],
                        [
                            166.6041256,
                            -78.3196111
                        ],
                        [
                            166.99578128,
                            -78.75074758
                        ],
                        [
                            165.19387577,
                            -78.90748301
                        ],
                        [
                            163.66621708,
                            -79.1230254
                        ],
                        [
                            161.76638472,
                            -79.16224782
                        ],
                        [
                            160.92416223,
                            -79.73048187
                        ],
                        [
                            160.74789392,
                            -80.2007374
                        ],
                        [
                            160.31696415,
                            -80.57306609
                        ],
                        [
                            159.78821089,
                            -80.94539479
                        ],
                        [
                            161.1200159,
                            -81.27850107
                        ],
                        [
                            161.62928714,
                            -81.6900005
                        ],
                        [
                            162.49099165,
                            -82.06227752
                        ],
                        [
                            163.70533614,
                            -82.39543548
                        ],
                        [
                            165.09594893,
                            -82.70895639
                        ],
                        [
                            166.6041256,
                            -83.02247731
                        ],
                        [
                            168.89566532,
                            -83.33599822
                        ],
                        [
                            169.40478153,
                            -83.8258908
                        ],
                        [
                            172.28393395,
                            -84.0414332
                        ],
                        [
                            172.47704878,
                            -84.11791432
                        ],
                        [
                            173.22408329,
                            -84.41371022
                        ],
                        [
                            175.98567183,
                            -84.15899708
                        ],
                        [
                            178.27721154,
                            -84.472518
                        ],
                        [
                            180,
                            -84.71338
                        ],
                        [
                            180,
                            -90
                        ],
                        [
                            -180,
                            -90
                        ],
                        [
                            -180,
                            -84.71338
                        ],
                        [
                            -179.94249936,
                            -84.72144337
                        ],
                        [
                            -179.05867733,
                            -84.13941172
                        ],
                        [
                            -177.25677182,
                            -84.45293263
                        ],
                        [
                            -177.14080667,
                            -84.41794123
                        ],
                        [
                            -176.08467282,
                            -84.09925913
                        ],
                        [
                            -175.94723461,
                            -84.11044871
                        ],
                        [
                            -175.82988217,
                            -84.11791432
                        ],
                        [
                            -174.38250281,
                            -84.53432301
                        ],
                        [
                            -173.11655941,
                            -84.11791432
                        ],
                        [
                            -172.8891056,
                            -84.06101857
                        ],
                        [
                            -169.95122291,
                            -83.88464691
                        ],
                        [
                            -168.99998898,
                            -84.11791432
                        ],
                        [
                            -168.53019853,
                            -84.23739023
                        ],
                        [
                            -167.02209937,
                            -84.57049651
                        ],
                        [
                            -164.18214352,
                            -84.82520965
                        ],
                        [
                            -161.92977454,
                            -85.13873056
                        ],
                        [
                            -158.07137956,
                            -85.37391001
                        ],
                        [
                            -155.19225298,
                            -85.09955983
                        ],
                        [
                            -150.94209897,
                            -85.29551686
                        ],
                        [
                            -148.53307288,
                            -85.60903777
                        ],
                        [
                            -145.88891823,
                            -85.31510223
                        ],
                        [
                            -143.10771848,
                            -85.04075205
                        ],
                        [
                            -142.89227943,
                            -84.57049651
                        ],
                        [
                            -146.82906837,
                            -84.5312741
                        ],
                        [
                            -150.06073157,
                            -84.29614634
                        ],
                        [
                            -150.90292823,
                            -83.90423227
                        ],
                        [
                            -153.58620114,
                            -83.68868987
                        ],
                        [
                            -153.40990699,
                            -83.23801971
                        ],
                        [
                            -153.03775916,
                            -82.82652028
                        ],
                        [
                            -152.66563717,
                            -82.45419158
                        ],
                        [
                            -152.86151669,
                            -82.04269215
                        ],
                        [
                            -154.52629879,
                            -81.76839365
                        ],
                        [
                            -155.29017982,
                            -81.41565032
                        ],
                        [
                            -156.83744971,
                            -81.10212941
                        ],
                        [
                            -154.40878659,
                            -81.16093719
                        ],
                        [
                            -152.09766151,
                            -81.00415089
                        ],
                        [
                            -150.64829261,
                            -81.33730885
                        ],
                        [
                            -148.8659983,
                            -81.04337331
                        ],
                        [
                            -147.22074989,
                            -80.67104461
                        ],
                        [
                            -146.417749,
                            -80.33793833
                        ],
                        [
                            -146.77028642,
                            -79.9264389
                        ],
                        [
                            -148.06294654,
                            -79.65208872
                        ],
                        [
                            -149.5319008,
                            -79.35820485
                        ],
                        [
                            -151.5884161,
                            -79.29939707
                        ],
                        [
                            -153.39032162,
                            -79.16224782
                        ],
                        [
                            -155.32937639,
                            -79.0642693
                        ],
                        [
                            -155.97566769,
                            -78.6919398
                        ],
                        [
                            -157.26830197,
                            -78.37841888
                        ],
                        [
                            -158.05176836,
                            -78.02567556
                        ],
                        [
                            -158.36513424,
                            -76.88920746
                        ],
                        [
                            -157.87547421,
                            -76.98723765
                        ],
                        [
                            -156.97457313,
                            -77.30075857
                        ],
                        [
                            -155.32937639,
                            -77.20272837
                        ],
                        [
                            -153.7428324,
                            -77.06557912
                        ],
                        [
                            -152.92024696,
                            -77.49666392
                        ],
                        [
                            -151.33378048,
                            -77.39873708
                        ],
                        [
                            -150.00194963,
                            -77.18314301
                        ],
                        [
                            -148.74848609,
                            -76.9088445
                        ],
                        [
                            -147.61248308,
                            -76.57573822
                        ],
                        [
                            -146.10440895,
                            -76.4777597
                        ],
                        [
                            -146.14352801,
                            -76.10543101
                        ],
                        [
                            -146.49609127,
                            -75.73315399
                        ],
                        [
                            -146.20230995,
                            -75.38041067
                        ],
                        [
                            -144.909624,
                            -75.204039
                        ],
                        [
                            -144.32203712,
                            -75.53719696
                        ],
                        [
                            -142.79435259,
                            -75.34123993
                        ],
                        [
                            -141.63876421,
                            -75.08647512
                        ],
                        [
                            -140.20900652,
                            -75.06688975
                        ],
                        [
                            -138.8575903,
                            -74.96891123
                        ],
                        [
                            -137.50619992,
                            -74.73378347
                        ],
                        [
                            -136.42890134,
                            -74.51824107
                        ],
                        [
                            -135.2145827,
                            -74.30269867
                        ],
                        [
                            -134.43119382,
                            -74.36145477
                        ],
                        [
                            -133.74565427,
                            -74.43984792
                        ],
                        [
                            -132.25716793,
                            -74.30269867
                        ],
                        [
                            -130.92531124,
                            -74.47901866
                        ],
                        [
                            -129.55428381,
                            -74.45943329
                        ],
                        [
                            -128.24203833,
                            -74.32228404
                        ],
                        [
                            -126.89062211,
                            -74.42026255
                        ],
                        [
                            -125.40208248,
                            -74.51824107
                        ],
                        [
                            -124.01149552,
                            -74.47901866
                        ],
                        [
                            -122.56215247,
                            -74.49860402
                        ],
                        [
                            -121.07361283,
                            -74.51824107
                        ],
                        [
                            -119.70255957,
                            -74.47901866
                        ],
                        [
                            -118.68414547,
                            -74.18508311
                        ],
                        [
                            -117.46980099,
                            -74.02834849
                        ],
                        [
                            -116.21631161,
                            -74.24389089
                        ],
                        [
                            -115.0215525,
                            -74.06751923
                        ],
                        [
                            -113.94433143,
                            -73.71482758
                        ],
                        [
                            -113.29798845,
                            -74.02834849
                        ],
                        [
                            -112.94545183,
                            -74.38104014
                        ],
                        [
                            -112.29908301,
                            -74.7141981
                        ],
                        [
                            -111.26105852,
                            -74.42026255
                        ],
                        [
                            -110.06632524,
                            -74.79253957
                        ],
                        [
                            -108.71490902,
                            -74.91010345
                        ],
                        [
                            -107.55934648,
                            -75.18445363
                        ],
                        [
                            -106.14914832,
                            -75.12569753
                        ],
                        [
                            -104.87607357,
                            -74.94932587
                        ],
                        [
                            -103.36794857,
                            -74.9884966
                        ],
                        [
                            -102.01650652,
                            -75.12569753
                        ],
                        [
                            -100.64553077,
                            -75.30201752
                        ],
                        [
                            -100.1167,
                            -74.87093272
                        ],
                        [
                            -100.76304298,
                            -74.53782644
                        ],
                        [
                            -101.25270301,
                            -74.18508311
                        ],
                        [
                            -102.54533729,
                            -74.10674164
                        ],
                        [
                            -103.11331295,
                            -73.73441294
                        ],
                        [
                            -103.328752,
                            -73.36208425
                        ],
                        [
                            -103.68128862,
                            -72.61753021
                        ],
                        [
                            -102.91748511,
                            -72.75467946
                        ],
                        [
                            -101.60523963,
                            -72.81343557
                        ],
                        [
                            -100.31252784,
                            -72.75467946
                        ],
                        [
                            -99.13737993,
                            -72.91141408
                        ],
                        [
                            -98.11888913,
                            -73.20534963
                        ],
                        [
                            -97.68803687,
                            -73.55804128
                        ],
                        [
                            -96.33659481,
                            -73.61684906
                        ],
                        [
                            -95.04396054,
                            -73.47969981
                        ],
                        [
                            -93.67290727,
                            -73.28374278
                        ],
                        [
                            -92.43900326,
                            -73.16617889
                        ],
                        [
                            -91.42056413,
                            -73.40130666
                        ],
                        [
                            -90.08873328,
                            -73.32291351
                        ],
                        [
                            -89.22695126,
                            -72.55872243
                        ],
                        [
                            -88.42395118,
                            -73.0093926
                        ],
                        [
                            -87.26833696,
                            -73.18576426
                        ],
                        [
                            -86.01482174,
                            -73.08778575
                        ],
                        [
                            -85.19223629,
                            -73.47969981
                        ],
                        [
                            -83.87999081,
                            -73.51887054
                        ],
                        [
                            -82.66564633,
                            -73.63643443
                        ],
                        [
                            -81.47091305,
                            -73.85197683
                        ],
                        [
                            -80.68744666,
                            -73.47969981
                        ],
                        [
                            -80.29579098,
                            -73.12695648
                        ],
                        [
                            -79.29688555,
                            -73.51887054
                        ],
                        [
                            -77.92585812,
                            -73.42089203
                        ],
                        [
                            -76.90736732,
                            -73.63643443
                        ],
                        [
                            -76.22187944,
                            -73.96954071
                        ],
                        [
                            -74.89004859,
                            -73.87161387
                        ],
                        [
                            -73.8520241,
                            -73.6560198
                        ],
                        [
                            -72.83353329,
                            -73.40130666
                        ],
                        [
                            -71.61921465,
                            -73.26415741
                        ],
                        [
                            -70.20904232,
                            -73.14654185
                        ],
                        [
                            -68.9359159,
                            -73.0093926
                        ],
                        [
                            -67.95662167,
                            -72.7938502
                        ],
                        [
                            -67.36906064,
                            -72.48032928
                        ],
                        [
                            -67.13403622,
                            -72.04924449
                        ],
                        [
                            -67.25154843,
                            -71.63774506
                        ],
                        [
                            -67.56494015,
                            -71.24583099
                        ],
                        [
                            -67.91747677,
                            -70.85391693
                        ],
                        [
                            -68.23084266,
                            -70.46205455
                        ],
                        [
                            -68.48545244,
                            -70.10931122
                        ],
                        [
                            -68.54420854,
                            -69.71739716
                        ],
                        [
                            -68.4462817,
                            -69.32553477
                        ],
                        [
                            -67.97623288,
                            -68.95320608
                        ],
                        [
                            -67.58449968,
                            -68.54170664
                        ],
                        [
                            -67.42784258,
                            -68.14984426
                        ],
                        [
                            -67.62367042,
                            -67.71875946
                        ],
                        [
                            -67.74118262,
                            -67.3268454
                        ],
                        [
                            -67.25154843,
                            -66.87617523
                        ],
                        [
                            -66.70318397,
                            -66.58223969
                        ],
                        [
                            -66.05681515,
                            -66.20996267
                        ],
                        [
                            -65.37132728,
                            -65.89639008
                        ],
                        [
                            -64.56827552,
                            -65.60250621
                        ],
                        [
                            -64.17654232,
                            -65.17142302
                        ],
                        [
                            -63.62815202,
                            -64.89707284
                        ],
                        [
                            -63.00139442,
                            -64.64230803
                        ],
                        [
                            -62.04168555,
                            -64.58355193
                        ],
                        [
                            -61.41492794,
                            -64.27003101
                        ],
                        [
                            -60.7098547,
                            -64.07407398
                        ],
                        [
                            -59.88726925,
                            -63.9565101
                        ],
                        [
                            -59.1625848,
                            -63.70174529
                        ],
                        [
                            -58.59455746,
                            -63.38822437
                        ],
                        [
                            -57.81114275,
                            -63.27066049
                        ],
                        [
                            -57.22358171,
                            -63.5254253
                        ],
                        [
                            -57.59572954,
                            -63.85853158
                        ],
                        [
                            -58.61414283,
                            -64.15246713
                        ]
                    ]
                ]
            ]
        },
        "geometry_name": "geom",
        "properties": {
            "scalerank": 1,
            "featurecla": "Admin-0 country",
            "labelrank": 4,
            "sovereignt": "Antarctica",
            "sov_a3": "ATA",
            "adm0_dif": 0,
            "level": 2,
            "type": "Indeterminate",
            "admin": "Antarctica",
            "adm0_a3": "ATA",
            "geou_dif": 0,
            "geounit": "Antarctica",
            "gu_a3": "ATA",
            "su_dif": 0,
            "subunit": "Antarctica",
            "su_a3": "ATA",
            "brk_diff": 0,
            "name": "Antarctica",
            "name_long": "Antarctica",
            "brk_a3": "ATA",
            "brk_name": "Antarctica",
            "brk_group": null,
            "abbrev": "Ant.",
            "postal": "AQ",
            "formal_en": null,
            "formal_fr": null,
            "note_adm0": null,
            "note_brk": "Multiple claims held in abeyance",
            "name_sort": "Antarctica",
            "name_alt": null,
            "mapcolor7": 4,
            "mapcolor8": 5,
            "mapcolor9": 1,
            "mapcolor13": -99,
            "pop_est": 3802,
            "gdp_md_est": 760.4,
            "pop_year": -99,
            "lastcensus": -99,
            "gdp_year": -99,
            "economy": "6. Developing region",
            "income_grp": "2. High income: nonOECD",
            "wikipedia": -99,
            "fips_10": null,
            "iso_a2": "AQ",
            "iso_a3": "ATA",
            "iso_n3": "010",
            "un_a3": "-099",
            "wb_a2": "-99",
            "wb_a3": "-99",
            "woe_id": -99,
            "adm0_a3_is": "ATA",
            "adm0_a3_us": "ATA",
            "adm0_a3_un": -99,
            "adm0_a3_wb": -99,
            "continent": "Antarctica",
            "region_un": "Antarctica",
            "subregion": "Antarctica",
            "region_wb": "Antarctica",
            "name_len": 10,
            "long_len": 10,
            "abbrev_len": 4,
            "tiny": -99,
            "homepart": 1,
            "bbox": [
                -180,
                -90,
                180,
                -63.27066049
            ],
            "bbox_poly": [
                [
                    -180,
                    -63.27066049
                ],
                [
                    180,
                    -63.27066049
                ],
                [
                    180,
                    -90
                ],
                [
                    -180,
                    -90
                ],
                [
                    -180,
                    -63.27066049
                ]
            ]
        }
    }
]