[
    {
        "type": "Feature",
        "id": "pv932yw9333.9",
        "geometry": {
            "type": "MultiPolygon",
            "coordinates": [
                [
                    [
                        [
                            145.39797814,
                            -40.79254852
                        ],
                        [
                            146.36412072,
                            -41.13769541
                        ],
                        [
                            146.90858361,
                            -41.00054616
                        ],
                        [
                            147.68925947,
                            -40.80825815
                        ],
                        [
                            148.28906782,
                            -40.87543751
                        ],
                        [
                            148.35986454,
                            -42.06244516
                        ],
                        [
                            148.01730147,
                            -42.40702361
                        ],
                        [
                            147.91405196,
                            -43.21152231
                        ],
                        [
                            147.56456424,
                            -42.9376889
                        ],
                        [
                            146.87034305,
                            -43.63459726
                        ],
                        [
                            146.66332726,
                            -43.58085377
                        ],
                        [
                            146.04837772,
                            -43.54974456
                        ],
                        [
                            145.43192956,
                            -42.69377614
                        ],
                        [
                            145.29509037,
                            -42.03360971
                        ],
                        [
                            144.71807132,
                            -41.16255177
                        ],
                        [
                            144.74375451,
                            -40.70397511
                        ],
                        [
                            145.39797814,
                            -40.79254852
                        ]
                    ]
                ],
                [
                    [
                        [
                            143.56181115,
                            -13.76365569
                        ],
                        [
                            143.92209924,
                            -14.54831064
                        ],
                        [
                            144.56371382,
                            -14.17117604
                        ],
                        [
                            144.89490808,
                            -14.5944577
                        ],
                        [
                            145.37472375,
                            -14.9849765
                        ],
                        [
                            145.271991,
                            -15.42820525
                        ],
                        [
                            145.48525964,
                            -16.2856723
                        ],
                        [
                            145.63703332,
                            -16.78491831
                        ],
                        [
                            145.88890425,
                            -16.90692636
                        ],
                        [
                            146.16030887,
                            -17.76165455
                        ],
                        [
                            146.06367394,
                            -18.28007252
                        ],
                        [
                            146.38747847,
                            -18.95827402
                        ],
                        [
                            147.47108158,
                            -19.48072275
                        ],
                        [
                            148.17760176,
                            -19.95593922
                        ],
                        [
                            148.84841353,
                            -20.39120981
                        ],
                        [
                            148.71746545,
                            -20.63346893
                        ],
                        [
                            149.2894202,
                            -21.26051076
                        ],
                        [
                            149.67833703,
                            -22.3425119
                        ],
                        [
                            150.07738244,
                            -22.12278371
                        ],
                        [
                            150.48293908,
                            -22.55614227
                        ],
                        [
                            150.72726525,
                            -22.40240488
                        ],
                        [
                            150.89955448,
                            -23.46223683
                        ],
                        [
                            151.60917525,
                            -24.0762562
                        ],
                        [
                            152.07353967,
                            -24.45788665
                        ],
                        [
                            152.85519738,
                            -25.26750132
                        ],
                        [
                            153.13616214,
                            -26.07117319
                        ],
                        [
                            153.16194868,
                            -26.64131927
                        ],
                        [
                            153.09290897,
                            -27.26029957
                        ],
                        [
                            153.56946903,
                            -28.11006683
                        ],
                        [
                            153.51210819,
                            -28.99507741
                        ],
                        [
                            153.33909549,
                            -29.45820159
                        ],
                        [
                            153.06924116,
                            -30.35024017
                        ],
                        [
                            153.08960168,
                            -30.92364186
                        ],
                        [
                            152.89157759,
                            -31.64044565
                        ],
                        [
                            152.45000248,
                            -32.55000254
                        ],
                        [
                            151.70911747,
                            -33.04134205
                        ],
                        [
                            151.3439718,
                            -33.81602345
                        ],
                        [
                            151.01055545,
                            -34.3103602
                        ],
                        [
                            150.71413944,
                            -35.17345997
                        ],
                        [
                            150.32821984,
                            -35.67187916
                        ],
                        [
                            150.07521203,
                            -36.42020558
                        ],
                        [
                            149.9461243,
                            -37.10905242
                        ],
                        [
                            149.99728397,
                            -37.42526051
                        ],
                        [
                            149.42388228,
                            -37.77268117
                        ],
                        [
                            148.30462243,
                            -37.80906137
                        ],
                        [
                            147.38173303,
                            -38.21921722
                        ],
                        [
                            146.92212284,
                            -38.60653208
                        ],
                        [
                            146.31792199,
                            -39.03575652
                        ],
                        [
                            145.48965213,
                            -38.593768
                        ],
                        [
                            144.87697635,
                            -38.41744801
                        ],
                        [
                            145.03221236,
                            -37.89618784
                        ],
                        [
                            144.48568241,
                            -38.08532358
                        ],
                        [
                            143.60997359,
                            -38.80946543
                        ],
                        [
                            142.74542687,
                            -38.53826751
                        ],
                        [
                            142.17832971,
                            -38.38003428
                        ],
                        [
                            141.60658166,
                            -38.30851409
                        ],
                        [
                            140.63857873,
                            -38.01933278
                        ],
                        [
                            139.99215824,
                            -37.40293629
                        ],
                        [
                            139.80658817,
                            -36.6436028
                        ],
                        [
                            139.57414758,
                            -36.13836232
                        ],
                        [
                            139.08280806,
                            -35.732754
                        ],
                        [
                            138.12074792,
                            -35.61229624
                        ],
                        [
                            138.4494617,
                            -35.12726124
                        ],
                        [
                            138.20756433,
                            -34.38472259
                        ],
                        [
                            137.71917036,
                            -35.07682505
                        ],
                        [
                            136.82940555,
                            -35.26053476
                        ],
                        [
                            137.35237105,
                            -34.70733856
                        ],
                        [
                            137.50388635,
                            -34.13026784
                        ],
                        [
                            137.890116,
                            -33.64047861
                        ],
                        [
                            137.81032759,
                            -32.90000701
                        ],
                        [
                            136.99683719,
                            -33.7527715
                        ],
                        [
                            136.37206913,
                            -34.09476613
                        ],
                        [
                            135.98904341,
                            -34.8901181
                        ],
                        [
                            135.20821252,
                            -34.47867034
                        ],
                        [
                            135.23921838,
                            -33.94795338
                        ],
                        [
                            134.61341678,
                            -33.22277801
                        ],
                        [
                            134.08590376,
                            -32.8480722
                        ],
                        [
                            134.27390262,
                            -32.61723358
                        ],
                        [
                            132.99077681,
                            -32.01122405
                        ],
                        [
                            132.28808068,
                            -31.98264699
                        ],
                        [
                            131.3263306,
                            -31.49580332
                        ],
                        [
                            129.5357939,
                            -31.59042287
                        ],
                        [
                            128.24093753,
                            -31.94848886
                        ],
                        [
                            127.10286747,
                            -32.28226694
                        ],
                        [
                            126.14871382,
                            -32.21596608
                        ],
                        [
                            125.08862349,
                            -32.72875132
                        ],
                        [
                            124.22164798,
                            -32.95948659
                        ],
                        [
                            124.02894657,
                            -33.48384734
                        ],
                        [
                            123.65966678,
                            -33.89017913
                        ],
                        [
                            122.81103641,
                            -33.91446705
                        ],
                        [
                            122.18306441,
                            -34.00340219
                        ],
                        [
                            121.29919071,
                            -33.82103607
                        ],
                        [
                            120.58026818,
                            -33.93017669
                        ],
                        [
                            119.8936951,
                            -33.97606536
                        ],
                        [
                            119.29889937,
                            -34.50936614
                        ],
                        [
                            119.00734094,
                            -34.46414927
                        ],
                        [
                            118.50571781,
                            -34.74681935
                        ],
                        [
                            118.02497196,
                            -35.06473276
                        ],
                        [
                            117.29550744,
                            -35.02545867
                        ],
                        [
                            116.62510908,
                            -35.02509694
                        ],
                        [
                            115.56434696,
                            -34.38642791
                        ],
                        [
                            115.02680871,
                            -34.19651702
                        ],
                        [
                            115.04861616,
                            -33.62342539
                        ],
                        [
                            115.54512333,
                            -33.48725799
                        ],
                        [
                            115.7146737,
                            -33.25957163
                        ],
                        [
                            115.6793787,
                            -32.90036875
                        ],
                        [
                            115.80164514,
                            -32.20506235
                        ],
                        [
                            115.68961063,
                            -31.61243703
                        ],
                        [
                            115.16090905,
                            -30.60159433
                        ],
                        [
                            114.99704308,
                            -30.03072479
                        ],
                        [
                            115.04003788,
                            -29.46109547
                        ],
                        [
                            114.64197432,
                            -28.81023081
                        ],
                        [
                            114.61649784,
                            -28.51639861
                        ],
                        [
                            114.17357914,
                            -28.11807667
                        ],
                        [
                            114.04888391,
                            -27.33476531
                        ],
                        [
                            113.47749759,
                            -26.54313405
                        ],
                        [
                            113.33895308,
                            -26.1165451
                        ],
                        [
                            113.77835778,
                            -26.54902516
                        ],
                        [
                            113.44096236,
                            -25.62127817
                        ],
                        [
                            113.93690108,
                            -25.91123463
                        ],
                        [
                            114.232852,
                            -26.29844614
                        ],
                        [
                            114.21616052,
                            -25.78628102
                        ],
                        [
                            113.72125532,
                            -24.9989389
                        ],
                        [
                            113.62534387,
                            -24.68397104
                        ],
                        [
                            113.39352339,
                            -24.3847645
                        ],
                        [
                            113.5020439,
                            -23.80635019
                        ],
                        [
                            113.70699263,
                            -23.56021535
                        ],
                        [
                            113.84341841,
                            -23.05998748
                        ],
                        [
                            113.73655155,
                            -22.47547536
                        ],
                        [
                            114.1497563,
                            -21.75588104
                        ],
                        [
                            114.22530724,
                            -22.5174883
                        ],
                        [
                            114.64776208,
                            -21.82951995
                        ],
                        [
                            115.46016727,
                            -21.49517344
                        ],
                        [
                            115.94737267,
                            -21.06868784
                        ],
                        [
                            116.71161543,
                            -20.70168182
                        ],
                        [
                            117.16631636,
                            -20.62359873
                        ],
                        [
                            117.44154504,
                            -20.7468987
                        ],
                        [
                            118.22955895,
                            -20.37420827
                        ],
                        [
                            118.83608524,
                            -20.26331064
                        ],
                        [
                            118.98780724,
                            -20.04420257
                        ],
                        [
                            119.25249393,
                            -19.95294199
                        ],
                        [
                            119.80522505,
                            -19.97650644
                        ],
                        [
                            120.85622033,
                            -19.68370778
                        ],
                        [
                            121.3998564,
                            -19.23975555
                        ],
                        [
                            121.65513797,
                            -18.70531789
                        ],
                        [
                            122.24166548,
                            -18.19764861
                        ],
                        [
                            122.28662398,
                            -17.7986032
                        ],
                        [
                            122.31277225,
                            -17.25496714
                        ],
                        [
                            123.0125745,
                            -16.40519988
                        ],
                        [
                            123.4337891,
                            -17.26855804
                        ],
                        [
                            123.85934452,
                            -17.06903533
                        ],
                        [
                            123.50324222,
                            -16.59650604
                        ],
                        [
                            123.8170732,
                            -16.11131601
                        ],
                        [
                            124.25828657,
                            -16.32794362
                        ],
                        [
                            124.37972619,
                            -15.56705983
                        ],
                        [
                            124.92615279,
                            -15.07510019
                        ],
                        [
                            125.16727502,
                            -14.6803956
                        ],
                        [
                            125.6700867,
                            -14.51007008
                        ],
                        [
                            125.68579634,
                            -14.23065561
                        ],
                        [
                            126.12514937,
                            -14.347341
                        ],
                        [
                            126.14282271,
                            -14.09598683
                        ],
                        [
                            126.58258915,
                            -13.95279144
                        ],
                        [
                            127.06586714,
                            -13.81796762
                        ],
                        [
                            127.80463342,
                            -14.27690602
                        ],
                        [
                            128.35968998,
                            -14.86916961
                        ],
                        [
                            128.98554325,
                            -14.8759909
                        ],
                        [
                            129.62147342,
                            -14.96978362
                        ],
                        [
                            129.40960005,
                            -14.42066985
                        ],
                        [
                            129.88864058,
                            -13.6187033
                        ],
                        [
                            130.33946577,
                            -13.35737558
                        ],
                        [
                            130.1835063,
                            -13.10752003
                        ],
                        [
                            130.61779504,
                            -12.5363921
                        ],
                        [
                            131.2234945,
                            -12.18364878
                        ],
                        [
                            131.73509118,
                            -12.30245289
                        ],
                        [
                            132.57529829,
                            -12.11404062
                        ],
                        [
                            132.55721154,
                            -11.60301238
                        ],
                        [
                            131.82469811,
                            -11.27378183
                        ],
                        [
                            132.35722375,
                            -11.12851938
                        ],
                        [
                            133.01956058,
                            -11.37641123
                        ],
                        [
                            133.55084598,
                            -11.78651539
                        ],
                        [
                            134.39306848,
                            -12.04236541
                        ],
                        [
                            134.67863244,
                            -11.94118296
                        ],
                        [
                            135.29849125,
                            -12.24860605
                        ],
                        [
                            135.88269331,
                            -11.96226694
                        ],
                        [
                            136.25838098,
                            -12.04934173
                        ],
                        [
                            136.49247521,
                            -11.85720875
                        ],
                        [
                            136.95162031,
                            -12.35195892
                        ],
                        [
                            136.68512495,
                            -12.8872234
                        ],
                        [
                            136.30540653,
                            -13.29122975
                        ],
                        [
                            135.96175825,
                            -13.32450937
                        ],
                        [
                            136.07761682,
                            -13.72427825
                        ],
                        [
                            135.7838363,
                            -14.22398935
                        ],
                        [
                            135.42866418,
                            -14.71543222
                        ],
                        [
                            135.50018436,
                            -14.99774057
                        ],
                        [
                            136.2951746,
                            -15.55026499
                        ],
                        [
                            137.06536014,
                            -15.87076222
                        ],
                        [
                            137.58047082,
                            -16.21508229
                        ],
                        [
                            138.3032174,
                            -16.80760426
                        ],
                        [
                            138.58516402,
                            -16.80662241
                        ],
                        [
                            139.10854292,
                            -17.06267913
                        ],
                        [
                            139.26057499,
                            -17.37160084
                        ],
                        [
                            140.2152454,
                            -17.71080495
                        ],
                        [
                            140.8754635,
                            -17.3690687
                        ],
                        [
                            141.07111047,
                            -16.83204721
                        ],
                        [
                            141.27409549,
                            -16.38887013
                        ],
                        [
                            141.39822228,
                            -15.84053151
                        ],
                        [
                            141.70218306,
                            -15.04492116
                        ],
                        [
                            141.56338016,
                            -14.5613331
                        ],
                        [
                            141.63552046,
                            -14.27039479
                        ],
                        [
                            141.51986861,
                            -13.6980783
                        ],
                        [
                            141.65092004,
                            -12.9446876
                        ],
                        [
                            141.84269128,
                            -12.74154754
                        ],
                        [
                            141.68699019,
                            -12.40761443
                        ],
                        [
                            141.92862919,
                            -11.87746592
                        ],
                        [
                            142.1184884,
                            -11.32804209
                        ],
                        [
                            142.1437065,
                            -11.0427365
                        ],
                        [
                            142.51526004,
                            -10.66818572
                        ],
                        [
                            142.79731001,
                            -11.15735483
                        ],
                        [
                            142.86676314,
                            -11.78470672
                        ],
                        [
                            143.11594689,
                            -11.90562957
                        ],
                        [
                            143.15863163,
                            -12.32565561
                        ],
                        [
                            143.52212365,
                            -12.83435841
                        ],
                        [
                            143.59715783,
                            -13.40042205
                        ],
                        [
                            143.56181115,
                            -13.76365569
                        ]
                    ]
                ]
            ]
        },
        "geometry_name": "geom",
        "properties": {
            "scalerank": 1,
            "featurecla": "Admin-0 country",
            "labelrank": 2,
            "sovereignt": "Australia",
            "sov_a3": "AU1",
            "adm0_dif": 1,
            "level": 2,
            "type": "Country",
            "admin": "Australia",
            "adm0_a3": "AUS",
            "geou_dif": 0,
            "geounit": "Australia",
            "gu_a3": "AUS",
            "su_dif": 0,
            "subunit": "Australia",
            "su_a3": "AUS",
            "brk_diff": 0,
            "name": "Australia",
            "name_long": "Australia",
            "brk_a3": "AUS",
            "brk_name": "Australia",
            "brk_group": null,
            "abbrev": "Auz.",
            "postal": "AU",
            "formal_en": "Commonwealth of Australia",
            "formal_fr": null,
            "note_adm0": null,
            "note_brk": null,
            "name_sort": "Australia",
            "name_alt": null,
            "mapcolor7": 1,
            "mapcolor8": 2,
            "mapcolor9": 2,
            "mapcolor13": 7,
            "pop_est": 21262641,
            "gdp_md_est": 800200,
            "pop_year": -99,
            "lastcensus": 2006,
            "gdp_year": -99,
            "economy": "2. Developed region: nonG7",
            "income_grp": "1. High income: OECD",
            "wikipedia": -99,
            "fips_10": null,
            "iso_a2": "AU",
            "iso_a3": "AUS",
            "iso_n3": "036",
            "un_a3": "036",
            "wb_a2": "AU",
            "wb_a3": "AUS",
            "woe_id": -99,
            "adm0_a3_is": "AUS",
            "adm0_a3_us": "AUS",
            "adm0_a3_un": -99,
            "adm0_a3_wb": -99,
            "continent": "Oceania",
            "region_un": "Oceania",
            "subregion": "Australia and New Zealand",
            "region_wb": "East Asia & Pacific",
            "name_len": 9,
            "long_len": 9,
            "abbrev_len": 4,
            "tiny": -99,
            "homepart": 1,
            "bbox": [
                113.33895308,
                -43.63459726,
                153.56946903,
                -10.66818572
            ],
            "bbox_poly": [
                [
                    113.33895308,
                    -10.66818572
                ],
                [
                    153.56946903,
                    -10.66818572
                ],
                [
                    153.56946903,
                    -43.63459726
                ],
                [
                    113.33895308,
                    -43.63459726
                ],
                [
                    113.33895308,
                    -10.66818572
                ]
            ]
        }
    },
    {
        "type": "Feature",
        "id": "pv932yw9333.54",
        "geometry": {
            "type": "MultiPolygon",
            "coordinates": [
                [
                    [
                        [
                            178.3736,
                            -17.33992
                        ],
                        [
                            178.71806,
                            -17.62846
                        ],
                        [
                            178.55271,
                            -18.15059
                        ],
                        [
                            177.93266,
                            -18.28799
                        ],
                        [
                            177.38146,
                            -18.16432
                        ],
                        [
                            177.28504,
                            -17.72465
                        ],
                        [
                            177.67087,
                            -17.38114
                        ],
                        [
                            178.12557,
                            -17.50481
                        ],
                        [
                            178.3736,
                            -17.33992
                        ]
                    ]
                ],
                [
                    [
                        [
                            179.36414266,
                            -16.80135408
                        ],
                        [
                            178.72505936,
                            -17.01204167
                        ],
                        [
                            178.5968386,
                            -16.63915
                        ],
                        [
                            179.09660936,
                            -16.43398428
                        ],
                        [
                            179.41350936,
                            -16.37905428
                        ],
                        [
                            180,
                            -16.06713266
                        ],
                        [
                            180,
                            -16.55521657
                        ],
                        [
                            179.36414266,
                            -16.80135408
                        ]
                    ]
                ],
                [
                    [
                        [
                            -179.91736938,
                            -16.50178314
                        ],
                        [
                            -180,
                            -16.55521657
                        ],
                        [
                            -180,
                            -16.06713266
                        ],
                        [
                            -179.79332011,
                            -16.02088226
                        ],
                        [
                            -179.91736938,
                            -16.50178314
                        ]
                    ]
                ]
            ]
        },
        "geometry_name": "geom",
        "properties": {
            "scalerank": 1,
            "featurecla": "Admin-0 country",
            "labelrank": 6,
            "sovereignt": "Fiji",
            "sov_a3": "FJI",
            "adm0_dif": 0,
            "level": 2,
            "type": "Sovereign country",
            "admin": "Fiji",
            "adm0_a3": "FJI",
            "geou_dif": 0,
            "geounit": "Fiji",
            "gu_a3": "FJI",
            "su_dif": 0,
            "subunit": "Fiji",
            "su_a3": "FJI",
            "brk_diff": 0,
            "name": "Fiji",
            "name_long": "Fiji",
            "brk_a3": "FJI",
            "brk_name": "Fiji",
            "brk_group": null,
            "abbrev": "Fiji",
            "postal": "FJ",
            "formal_en": "Republic of Fiji",
            "formal_fr": null,
            "note_adm0": null,
            "note_brk": null,
            "name_sort": "Fiji",
            "name_alt": null,
            "mapcolor7": 5,
            "mapcolor8": 1,
            "mapcolor9": 2,
            "mapcolor13": 2,
            "pop_est": 944720,
            "gdp_md_est": 3579,
            "pop_year": -99,
            "lastcensus": 2007,
            "gdp_year": -99,
            "economy": "6. Developing region",
            "income_grp": "4. Lower middle income",
            "wikipedia": -99,
            "fips_10": null,
            "iso_a2": "FJ",
            "iso_a3": "FJI",
            "iso_n3": "242",
            "un_a3": "242",
            "wb_a2": "FJ",
            "wb_a3": "FJI",
            "woe_id": -99,
            "adm0_a3_is": "FJI",
            "adm0_a3_us": "FJI",
            "adm0_a3_un": -99,
            "adm0_a3_wb": -99,
            "continent": "Oceania",
            "region_un": "Oceania",
            "subregion": "Melanesia",
            "region_wb": "East Asia & Pacific",
            "name_len": 4,
            "long_len": 4,
            "abbrev_len": 4,
            "tiny": -99,
            "homepart": 1,
            "bbox": [
                -180,
                -18.28799,
                180,
                -16.02088226
            ],
            "bbox_poly": [
                [
                    -180,
                    -16.02088226
                ],
                [
                    180,
                    -16.02088226
                ],
                [
                    180,
                    -18.28799
                ],
                [
                    -180,
                    -18.28799
                ],
                [
                    -180,
                    -16.02088226
                ]
            ]
        }
    },
    {
        "type": "Feature",
        "id": "pv932yw9333.114",
        "geometry": {
            "type": "MultiPolygon",
            "coordinates": [
                [
                    [
                        [
                            167.12001143,
                            -22.15999074
                        ],
                        [
                            166.74003462,
                            -22.39997609
                        ],
                        [
                            166.18973229,
                            -22.12970835
                        ],
                        [
                            165.47437544,
                            -21.67960662
                        ],
                        [
                            164.8298153,
                            -21.14981984
                        ],
                        [
                            164.16799523,
                            -20.4447466
                        ],
                        [
                            164.02960575,
                            -20.10564585
                        ],
                        [
                            164.45996708,
                            -20.1200119
                        ],
                        [
                            165.02003625,
                            -20.45999114
                        ],
                        [
                            165.46000939,
                            -20.80002207
                        ],
                        [
                            165.77998986,
                            -21.08000498
                        ],
                        [
                            166.59999149,
                            -21.70001881
                        ],
                        [
                            167.12001143,
                            -22.15999074
                        ]
                    ]
                ]
            ]
        },
        "geometry_name": "geom",
        "properties": {
            "scalerank": 1,
            "featurecla": "Admin-0 country",
            "labelrank": 3,
            "sovereignt": "France",
            "sov_a3": "FR1",
            "adm0_dif": 1,
            "level": 2,
            "type": "Dependency",
            "admin": "New Caledonia",
            "adm0_a3": "NCL",
            "geou_dif": 0,
            "geounit": "New Caledonia",
            "gu_a3": "NCL",
            "su_dif": 0,
            "subunit": "New Caledonia",
            "su_a3": "NCL",
            "brk_diff": 0,
            "name": "New Caledonia",
            "name_long": "New Caledonia",
            "brk_a3": "NCL",
            "brk_name": "New Caledonia",
            "brk_group": null,
            "abbrev": "New C.",
            "postal": "NC",
            "formal_en": "New Caledonia",
            "formal_fr": "Nouvelle-Cal\u00e9donie",
            "note_adm0": "Fr.",
            "note_brk": null,
            "name_sort": "New Caledonia",
            "name_alt": null,
            "mapcolor7": 7,
            "mapcolor8": 5,
            "mapcolor9": 9,
            "mapcolor13": 11,
            "pop_est": 227436,
            "gdp_md_est": 3158,
            "pop_year": -99,
            "lastcensus": 2009,
            "gdp_year": -99,
            "economy": "6. Developing region",
            "income_grp": "2. High income: nonOECD",
            "wikipedia": -99,
            "fips_10": null,
            "iso_a2": "NC",
            "iso_a3": "NCL",
            "iso_n3": "540",
            "un_a3": "540",
            "wb_a2": "NC",
            "wb_a3": "NCL",
            "woe_id": -99,
            "adm0_a3_is": "NCL",
            "adm0_a3_us": "NCL",
            "adm0_a3_un": -99,
            "adm0_a3_wb": -99,
            "continent": "Oceania",
            "region_un": "Oceania",
            "subregion": "Melanesia",
            "region_wb": "East Asia & Pacific",
            "name_len": 13,
            "long_len": 13,
            "abbrev_len": 6,
            "tiny": -99,
            "homepart": -99,
            "bbox": [
                164.02960575,
                -22.39997609,
                167.12001143,
                -20.10564585
            ],
            "bbox_poly": [
                [
                    164.02960575,
                    -20.10564585
                ],
                [
                    167.12001143,
                    -20.10564585
                ],
                [
                    167.12001143,
                    -22.39997609
                ],
                [
                    164.02960575,
                    -22.39997609
                ],
                [
                    164.02960575,
                    -20.10564585
                ]
            ]
        }
    },
    {
        "type": "Feature",
        "id": "pv932yw9333.121",
        "geometry": {
            "type": "MultiPolygon",
            "coordinates": [
                [
                    [
                        [
                            173.02037479,
                            -40.91905242
                        ],
                        [
                            173.24723433,
                            -41.33199879
                        ],
                        [
                            173.95840539,
                            -40.92670053
                        ],
                        [
                            174.2475867,
                            -41.34915537
                        ],
                        [
                            174.24851688,
                            -41.77000823
                        ],
                        [
                            173.87644657,
                            -42.2331841
                        ],
                        [
                            173.2227397,
                            -42.97003834
                        ],
                        [
                            172.71124637,
                            -43.37228769
                        ],
                        [
                            173.08011275,
                            -43.8533436
                        ],
                        [
                            172.30858361,
                            -43.86569427
                        ],
                        [
                            171.45292525,
                            -44.24251881
                        ],
                        [
                            171.18513797,
                            -44.89710418
                        ],
                        [
                            170.61669722,
                            -45.90892872
                        ],
                        [
                            169.83142215,
                            -46.35577483
                        ],
                        [
                            169.33233117,
                            -46.64123545
                        ],
                        [
                            168.41135379,
                            -46.61994476
                        ],
                        [
                            167.76374475,
                            -46.29019744
                        ],
                        [
                            166.67688602,
                            -46.21991749
                        ],
                        [
                            166.50914432,
                            -45.85270477
                        ],
                        [
                            167.04642419,
                            -45.11094126
                        ],
                        [
                            168.30376346,
                            -44.12397308
                        ],
                        [
                            168.94940881,
                            -43.93581919
                        ],
                        [
                            169.66781457,
                            -43.55532562
                        ],
                        [
                            170.52491988,
                            -43.03168833
                        ],
                        [
                            171.12508996,
                            -42.51275359
                        ],
                        [
                            171.56971398,
                            -41.76742441
                        ],
                        [
                            171.94870894,
                            -41.5144166
                        ],
                        [
                            172.097227,
                            -40.95610442
                        ],
                        [
                            172.79857954,
                            -40.49396209
                        ],
                        [
                            173.02037479,
                            -40.91905242
                        ]
                    ]
                ],
                [
                    [
                        [
                            174.61200891,
                            -36.15639739
                        ],
                        [
                            175.33661584,
                            -37.209098
                        ],
                        [
                            175.35759647,
                            -36.52619394
                        ],
                        [
                            175.80888675,
                            -36.79894215
                        ],
                        [
                            175.95849003,
                            -37.55538177
                        ],
                        [
                            176.76319543,
                            -37.88125335
                        ],
                        [
                            177.4388131,
                            -37.96124847
                        ],
                        [
                            178.01035445,
                            -37.57982472
                        ],
                        [
                            178.51709354,
                            -37.69537322
                        ],
                        [
                            178.27473107,
                            -38.5828126
                        ],
                        [
                            177.97046024,
                            -39.16634287
                        ],
                        [
                            177.20699263,
                            -39.14577565
                        ],
                        [
                            176.9399805,
                            -39.44973642
                        ],
                        [
                            177.03294641,
                            -39.87994272
                        ],
                        [
                            176.8858236,
                            -40.06597788
                        ],
                        [
                            176.50801721,
                            -40.60480804
                        ],
                        [
                            176.01244022,
                            -41.28962412
                        ],
                        [
                            175.2395675,
                            -41.68830779
                        ],
                        [
                            175.06789839,
                            -41.42589487
                        ],
                        [
                            174.65097294,
                            -41.28182098
                        ],
                        [
                            175.22763024,
                            -40.45923553
                        ],
                        [
                            174.90015669,
                            -39.9089332
                        ],
                        [
                            173.82404667,
                            -39.50885426
                        ],
                        [
                            173.852262,
                            -39.14660247
                        ],
                        [
                            174.57480187,
                            -38.7976832
                        ],
                        [
                            174.74347375,
                            -38.02780771
                        ],
                        [
                            174.69701664,
                            -37.38112884
                        ],
                        [
                            174.29202844,
                            -36.71109222
                        ],
                        [
                            174.31900353,
                            -36.53482391
                        ],
                        [
                            173.84099654,
                            -36.12198089
                        ],
                        [
                            173.05417118,
                            -35.23712534
                        ],
                        [
                            172.63600549,
                            -34.52910654
                        ],
                        [
                            173.00704227,
                            -34.45066172
                        ],
                        [
                            173.55129846,
                            -35.00618336
                        ],
                        [
                            174.3293905,
                            -35.2654957
                        ],
                        [
                            174.61200891,
                            -36.15639739
                        ]
                    ]
                ]
            ]
        },
        "geometry_name": "geom",
        "properties": {
            "scalerank": 1,
            "featurecla": "Admin-0 country",
            "labelrank": 2,
            "sovereignt": "New Zealand",
            "sov_a3": "NZ1",
            "adm0_dif": 1,
            "level": 2,
            "type": "Country",
            "admin": "New Zealand",
            "adm0_a3": "NZL",
            "geou_dif": 0,
            "geounit": "New Zealand",
            "gu_a3": "NZL",
            "su_dif": 0,
            "subunit": "New Zealand",
            "su_a3": "NZL",
            "brk_diff": 0,
            "name": "New Zealand",
            "name_long": "New Zealand",
            "brk_a3": "NZL",
            "brk_name": "New Zealand",
            "brk_group": null,
            "abbrev": "N.Z.",
            "postal": "NZ",
            "formal_en": "New Zealand",
            "formal_fr": null,
            "note_adm0": null,
            "note_brk": null,
            "name_sort": "New Zealand",
            "name_alt": null,
            "mapcolor7": 3,
            "mapcolor8": 3,
            "mapcolor9": 4,
            "mapcolor13": 4,
            "pop_est": 4213418,
            "gdp_md_est": 116700,
            "pop_year": -99,
            "lastcensus": 2006,
            "gdp_year": -99,
            "economy": "2. Developed region: nonG7",
            "income_grp": "1. High income: OECD",
            "wikipedia": -99,
            "fips_10": null,
            "iso_a2": "NZ",
            "iso_a3": "NZL",
            "iso_n3": "554",
            "un_a3": "554",
            "wb_a2": "NZ",
            "wb_a3": "NZL",
            "woe_id": -99,
            "adm0_a3_is": "NZL",
            "adm0_a3_us": "NZL",
            "adm0_a3_un": -99,
            "adm0_a3_wb": -99,
            "continent": "Oceania",
            "region_un": "Oceania",
            "subregion": "Australia and New Zealand",
            "region_wb": "East Asia & Pacific",
            "name_len": 11,
            "long_len": 11,
            "abbrev_len": 4,
            "tiny": -99,
            "homepart": 1,
            "bbox": [
                166.50914432,
                -46.64123545,
                178.51709354,
                -34.45066172
            ],
            "bbox_poly": [
                [
                    166.50914432,
                    -34.45066172
                ],
                [
                    178.51709354,
                    -34.45066172
                ],
                [
                    178.51709354,
                    -46.64123545
                ],
                [
                    166.50914432,
                    -46.64123545
                ],
                [
                    166.50914432,
                    -34.45066172
                ]
            ]
        }
    },
    {
        "type": "Feature",
        "id": "pv932yw9333.127",
        "geometry": {
            "type": "MultiPolygon",
            "coordinates": [
                [
                    [
                        [
                            155.88002567,
                            -6.81999684
                        ],
                        [
                            155.59999108,
                            -6.91999074
                        ],
                        [
                            155.16699426,
                            -6.53593149
                        ],
                        [
                            154.72919152,
                            -5.90082814
                        ],
                        [
                            154.51411421,
                            -5.13911753
                        ],
                        [
                            154.6525037,
                            -5.04243092
                        ],
                        [
                            154.75999068,
                            -5.33998382
                        ],
                        [
                            155.06291792,
                            -5.56679168
                        ],
                        [
                            155.54774621,
                            -6.2006548
                        ],
                        [
                            156.01996545,
                            -6.54001393
                        ],
                        [
                            155.88002567,
                            -6.81999684
                        ]
                    ]
                ],
                [
                    [
                        [
                            151.98279585,
                            -5.47806325
                        ],
                        [
                            151.45910689,
                            -5.56028045
                        ],
                        [
                            151.30139042,
                            -5.84072845
                        ],
                        [
                            150.75444706,
                            -6.08376271
                        ],
                        [
                            150.24119673,
                            -6.31775359
                        ],
                        [
                            149.70996301,
                            -6.31651336
                        ],
                        [
                            148.89006473,
                            -6.02604013
                        ],
                        [
                            148.3189368,
                            -5.74714243
                        ],
                        [
                            148.4018258,
                            -5.43775563
                        ],
                        [
                            149.2984119,
                            -5.58374155
                        ],
                        [
                            149.84556197,
                            -5.50550343
                        ],
                        [
                            149.99625044,
                            -5.02610117
                        ],
                        [
                            150.13975589,
                            -5.00134816
                        ],
                        [
                            150.23690759,
                            -5.53222015
                        ],
                        [
                            150.80746708,
                            -5.45584238
                        ],
                        [
                            151.08967207,
                            -5.11369272
                        ],
                        [
                            151.64788089,
                            -4.75707366
                        ],
                        [
                            151.53786177,
                            -4.16780731
                        ],
                        [
                            152.13679162,
                            -4.14879038
                        ],
                        [
                            152.33874312,
                            -4.3129664
                        ],
                        [
                            152.31869266,
                            -4.86766123
                        ],
                        [
                            151.98279585,
                            -5.47806325
                        ]
                    ]
                ],
                [
                    [
                        [
                            147.19187381,
                            -7.38802418
                        ],
                        [
                            148.08463586,
                            -8.04410817
                        ],
                        [
                            148.73410526,
                            -9.10466359
                        ],
                        [
                            149.30683516,
                            -9.07143564
                        ],
                        [
                            149.26663089,
                            -9.51440602
                        ],
                        [
                            150.03872847,
                            -9.68431813
                        ],
                        [
                            149.73879846,
                            -9.87293711
                        ],
                        [
                            150.80162764,
                            -10.29368662
                        ],
                        [
                            150.69057499,
                            -10.5827129
                        ],
                        [
                            150.02839318,
                            -10.65247609
                        ],
                        [
                            149.78231001,
                            -10.3932671
                        ],
                        [
                            148.92313765,
                            -10.28092254
                        ],
                        [
                            147.91301843,
                            -10.13044077
                        ],
                        [
                            147.13544315,
                            -9.49244354
                        ],
                        [
                            146.56788089,
                            -8.94255462
                        ],
                        [
                            146.04848107,
                            -8.06741424
                        ],
                        [
                            144.74416792,
                            -7.63012827
                        ],
                        [
                            143.89708784,
                            -7.9153305
                        ],
                        [
                            143.28637577,
                            -8.24549122
                        ],
                        [
                            143.4139132,
                            -8.98306894
                        ],
                        [
                            142.62843143,
                            -9.32682057
                        ],
                        [
                            142.06825891,
                            -9.15959564
                        ],
                        [
                            141.03385176,
                            -9.11789275
                        ],
                        [
                            141.01705692,
                            -5.85902191
                        ],
                        [
                            141.0002104,
                            -2.60015106
                        ],
                        [
                            142.73524662,
                            -3.28915293
                        ],
                        [
                            144.58397098,
                            -3.86141774
                        ],
                        [
                            145.27317956,
                            -4.37373789
                        ],
                        [
                            145.82978641,
                            -4.8764979
                        ],
                        [
                            145.98192183,
                            -5.46560923
                        ],
                        [
                            147.64807336,
                            -6.08365936
                        ],
                        [
                            147.89110762,
                            -6.61401458
                        ],
                        [
                            146.97090539,
                            -6.72165659
                        ],
                        [
                            147.19187381,
                            -7.38802418
                        ]
                    ]
                ],
                [
                    [
                        [
                            153.14003788,
                            -4.49998341
                        ],
                        [
                            152.82729211,
                            -4.7664271
                        ],
                        [
                            152.63867313,
                            -4.17612721
                        ],
                        [
                            152.40602583,
                            -3.78974253
                        ],
                        [
                            151.95323693,
                            -3.46206227
                        ],
                        [
                            151.38427941,
                            -3.03542164
                        ],
                        [
                            150.6620496,
                            -2.7414861
                        ],
                        [
                            150.93996545,
                            -2.50000213
                        ],
                        [
                            151.47998417,
                            -2.77998504
                        ],
                        [
                            151.82001509,
                            -2.99997161
                        ],
                        [
                            152.23998946,
                            -3.24000864
                        ],
                        [
                            152.64001672,
                            -3.65998301
                        ],
                        [
                            153.01999352,
                            -3.98001515
                        ],
                        [
                            153.14003788,
                            -4.49998341
                        ]
                    ]
                ]
            ]
        },
        "geometry_name": "geom",
        "properties": {
            "scalerank": 1,
            "featurecla": "Admin-0 country",
            "labelrank": 2,
            "sovereignt": "Papua New Guinea",
            "sov_a3": "PNG",
            "adm0_dif": 0,
            "level": 2,
            "type": "Sovereign country",
            "admin": "Papua New Guinea",
            "adm0_a3": "PNG",
            "geou_dif": 0,
            "geounit": "Papua New Guinea",
            "gu_a3": "PNG",
            "su_dif": 1,
            "subunit": "Papua New Guinea",
            "su_a3": "PN1",
            "brk_diff": 0,
            "name": "Papua New Guinea",
            "name_long": "Papua New Guinea",
            "brk_a3": "PN1",
            "brk_name": "Papua New Guinea",
            "brk_group": null,
            "abbrev": "P.N.G.",
            "postal": "PG",
            "formal_en": "Independent State of Papua New Guinea",
            "formal_fr": null,
            "note_adm0": null,
            "note_brk": null,
            "name_sort": "Papua New Guinea",
            "name_alt": null,
            "mapcolor7": 4,
            "mapcolor8": 2,
            "mapcolor9": 3,
            "mapcolor13": 1,
            "pop_est": 6057263,
            "gdp_md_est": 13210,
            "pop_year": -99,
            "lastcensus": 2000,
            "gdp_year": -99,
            "economy": "6. Developing region",
            "income_grp": "4. Lower middle income",
            "wikipedia": -99,
            "fips_10": null,
            "iso_a2": "PG",
            "iso_a3": "PNG",
            "iso_n3": "598",
            "un_a3": "598",
            "wb_a2": "PG",
            "wb_a3": "PNG",
            "woe_id": -99,
            "adm0_a3_is": "PNG",
            "adm0_a3_us": "PNG",
            "adm0_a3_un": -99,
            "adm0_a3_wb": -99,
            "continent": "Oceania",
            "region_un": "Oceania",
            "subregion": "Melanesia",
            "region_wb": "East Asia & Pacific",
            "name_len": 16,
            "long_len": 16,
            "abbrev_len": 6,
            "tiny": -99,
            "homepart": 1,
            "bbox": [
                141.0002104,
                -10.65247609,
                156.01996545,
                -2.50000213
            ],
            "bbox_poly": [
                [
                    141.0002104,
                    -2.50000213
                ],
                [
                    156.01996545,
                    -2.50000213
                ],
                [
                    156.01996545,
                    -10.65247609
                ],
                [
                    141.0002104,
                    -10.65247609
                ],
                [
                    141.0002104,
                    -2.50000213
                ]
            ]
        }
    },
    {
        "type": "Feature",
        "id": "pv932yw9333.143",
        "geometry": {
            "type": "MultiPolygon",
            "coordinates": [
                [
                    [
                        [
                            162.11902469,
                            -10.48271901
                        ],
                        [
                            162.39864587,
                            -10.82636728
                        ],
                        [
                            161.70003218,
                            -10.82001108
                        ],
                        [
                            161.31979699,
                            -10.20475148
                        ],
                        [
                            161.91738325,
                            -10.44670053
                        ],
                        [
                            162.11902469,
                            -10.48271901
                        ]
                    ]
                ],
                [
                    [
                        [
                            160.85222863,
                            -9.87293711
                        ],
                        [
                            160.46258833,
                            -9.89520965
                        ],
                        [
                            159.84944746,
                            -9.79402719
                        ],
                        [
                            159.64000288,
                            -9.63997975
                        ],
                        [
                            159.70294478,
                            -9.24294972
                        ],
                        [
                            160.36295617,
                            -9.40030446
                        ],
                        [
                            160.68851769,
                            -9.61016245
                        ],
                        [
                            160.85222863,
                            -9.87293711
                        ]
                    ]
                ],
                [
                    [
                        [
                            161.67998172,
                            -9.59998219
                        ],
                        [
                            161.5293966,
                            -9.78431203
                        ],
                        [
                            160.78825321,
                            -8.91754323
                        ],
                        [
                            160.57999719,
                            -8.32000864
                        ],
                        [
                            160.92002811,
                            -8.32000864
                        ],
                        [
                            161.28000614,
                            -9.12001149
                        ],
                        [
                            161.67998172,
                            -9.59998219
                        ]
                    ]
                ],
                [
                    [
                        [
                            159.8750273,
                            -8.33732024
                        ],
                        [
                            159.91740197,
                            -8.53828989
                        ],
                        [
                            159.1336772,
                            -8.11418141
                        ],
                        [
                            158.58611372,
                            -7.7548235
                        ],
                        [
                            158.21114953,
                            -7.42187225
                        ],
                        [
                            158.35997766,
                            -7.320018
                        ],
                        [
                            158.82000126,
                            -7.56000335
                        ],
                        [
                            159.64000288,
                            -8.02002695
                        ],
                        [
                            159.8750273,
                            -8.33732024
                        ]
                    ]
                ],
                [
                    [
                        [
                            157.53842573,
                            -7.34781992
                        ],
                        [
                            157.33941979,
                            -7.40476735
                        ],
                        [
                            156.90203047,
                            -7.17687428
                        ],
                        [
                            156.49135786,
                            -6.76594329
                        ],
                        [
                            156.54282759,
                            -6.59933847
                        ],
                        [
                            157.14000044,
                            -7.02163828
                        ],
                        [
                            157.53842573,
                            -7.34781992
                        ]
                    ]
                ]
            ]
        },
        "geometry_name": "geom",
        "properties": {
            "scalerank": 1,
            "featurecla": "Admin-0 country",
            "labelrank": 3,
            "sovereignt": "Solomon Islands",
            "sov_a3": "SLB",
            "adm0_dif": 0,
            "level": 2,
            "type": "Sovereign country",
            "admin": "Solomon Islands",
            "adm0_a3": "SLB",
            "geou_dif": 0,
            "geounit": "Solomon Islands",
            "gu_a3": "SLB",
            "su_dif": 0,
            "subunit": "Solomon Islands",
            "su_a3": "SLB",
            "brk_diff": 0,
            "name": "Solomon Is.",
            "name_long": "Solomon Islands",
            "brk_a3": "SLB",
            "brk_name": "Solomon Is.",
            "brk_group": null,
            "abbrev": "S. Is.",
            "postal": "SB",
            "formal_en": null,
            "formal_fr": null,
            "note_adm0": null,
            "note_brk": null,
            "name_sort": "Solomon Islands",
            "name_alt": null,
            "mapcolor7": 1,
            "mapcolor8": 4,
            "mapcolor9": 1,
            "mapcolor13": 6,
            "pop_est": 595613,
            "gdp_md_est": 1078,
            "pop_year": -99,
            "lastcensus": 2009,
            "gdp_year": -99,
            "economy": "7. Least developed region",
            "income_grp": "4. Lower middle income",
            "wikipedia": -99,
            "fips_10": null,
            "iso_a2": "SB",
            "iso_a3": "SLB",
            "iso_n3": "090",
            "un_a3": "090",
            "wb_a2": "SB",
            "wb_a3": "SLB",
            "woe_id": -99,
            "adm0_a3_is": "SLB",
            "adm0_a3_us": "SLB",
            "adm0_a3_un": -99,
            "adm0_a3_wb": -99,
            "continent": "Oceania",
            "region_un": "Oceania",
            "subregion": "Melanesia",
            "region_wb": "East Asia & Pacific",
            "name_len": 11,
            "long_len": 15,
            "abbrev_len": 6,
            "tiny": -99,
            "homepart": 1,
            "bbox": [
                156.49135786,
                -10.82636728,
                162.39864587,
                -6.59933847
            ],
            "bbox_poly": [
                [
                    156.49135786,
                    -6.59933847
                ],
                [
                    162.39864587,
                    -6.59933847
                ],
                [
                    162.39864587,
                    -10.82636728
                ],
                [
                    156.49135786,
                    -10.82636728
                ],
                [
                    156.49135786,
                    -6.59933847
                ]
            ]
        }
    },
    {
        "type": "Feature",
        "id": "pv932yw9333.173",
        "geometry": {
            "type": "MultiPolygon",
            "coordinates": [
                [
                    [
                        [
                            167.84487674,
                            -16.4663331
                        ],
                        [
                            167.51518111,
                            -16.59784962
                        ],
                        [
                            167.18000777,
                            -16.15999521
                        ],
                        [
                            167.21680139,
                            -15.89184621
                        ],
                        [
                            167.84487674,
                            -16.4663331
                        ]
                    ]
                ],
                [
                    [
                        [
                            167.10771244,
                            -14.93392018
                        ],
                        [
                            167.27002811,
                            -15.74002085
                        ],
                        [
                            167.00120731,
                            -15.61460215
                        ],
                        [
                            166.79315799,
                            -15.66881072
                        ],
                        [
                            166.64985925,
                            -15.39270355
                        ],
                        [
                            166.629137,
                            -14.62649708
                        ],
                        [
                            167.10771244,
                            -14.93392018
                        ]
                    ]
                ]
            ]
        },
        "geometry_name": "geom",
        "properties": {
            "scalerank": 1,
            "featurecla": "Admin-0 country",
            "labelrank": 4,
            "sovereignt": "Vanuatu",
            "sov_a3": "VUT",
            "adm0_dif": 0,
            "level": 2,
            "type": "Sovereign country",
            "admin": "Vanuatu",
            "adm0_a3": "VUT",
            "geou_dif": 0,
            "geounit": "Vanuatu",
            "gu_a3": "VUT",
            "su_dif": 0,
            "subunit": "Vanuatu",
            "su_a3": "VUT",
            "brk_diff": 0,
            "name": "Vanuatu",
            "name_long": "Vanuatu",
            "brk_a3": "VUT",
            "brk_name": "Vanuatu",
            "brk_group": null,
            "abbrev": "Van.",
            "postal": "VU",
            "formal_en": "Republic of Vanuatu",
            "formal_fr": null,
            "note_adm0": null,
            "note_brk": null,
            "name_sort": "Vanuatu",
            "name_alt": null,
            "mapcolor7": 6,
            "mapcolor8": 3,
            "mapcolor9": 7,
            "mapcolor13": 3,
            "pop_est": 218519,
            "gdp_md_est": 988.5,
            "pop_year": -99,
            "lastcensus": 2009,
            "gdp_year": -99,
            "economy": "7. Least developed region",
            "income_grp": "4. Lower middle income",
            "wikipedia": -99,
            "fips_10": null,
            "iso_a2": "VU",
            "iso_a3": "VUT",
            "iso_n3": "548",
            "un_a3": "548",
            "wb_a2": "VU",
            "wb_a3": "VUT",
            "woe_id": -99,
            "adm0_a3_is": "VUT",
            "adm0_a3_us": "VUT",
            "adm0_a3_un": -99,
            "adm0_a3_wb": -99,
            "continent": "Oceania",
            "region_un": "Oceania",
            "subregion": "Melanesia",
            "region_wb": "East Asia & Pacific",
            "name_len": 7,
            "long_len": 7,
            "abbrev_len": 4,
            "tiny": 2,
            "homepart": 1,
            "bbox": [
                166.629137,
                -16.59784962,
                167.84487674,
                -14.62649708
            ],
            "bbox_poly": [
                [
                    166.629137,
                    -14.62649708
                ],
                [
                    167.84487674,
                    -14.62649708
                ],
                [
                    167.84487674,
                    -16.59784962
                ],
                [
                    166.629137,
                    -16.59784962
                ],
                [
                    166.629137,
                    -14.62649708
                ]
            ]
        }
    }
]