{
    "Bakery": 691,
    "Hamburgers": 433,
    "Irish": 190,
    "American": 6183,
    "Jewish/Kosher": 316,
    "Delicatessen": 321,
    "Ice Cream, Gelato, Yogurt, Ices": 348,
    "Chinese": 2418,
    "Chicken": 410,
    "Turkish": 70,
    "Caribbean": 657,
    "Donuts": 479,
    "Sandwiches/Salads/Mixed Buffet": 255,
    "Bagels/Pretzels": 168,
    "Continental": 58,
    "Pizza": 1163,
    "Italian": 1069,
    "Steak": 86,
    "Polish": 25,
    "Latin (Cuban, Dominican, Puerto Rican, South & Central American)": 850,
    "German": 31,
    "French": 344,
    "Pizza/Italian": 468,
    "Mexican": 754,
    "Spanish": 637,
    "Caf\u00e9/Coffee/Tea": 1214,
    "Tex-Mex": 143,
    "Pancakes/Waffles": 16,
    "Soul Food": 44,
    "Seafood": 147,
    "Hotdogs": 34,
    "Greek": 111,
    "Not Listed/Not Applicable": 19,
    "African": 68,
    "Japanese": 760,
    "Indian": 316,
    "Armenian": 40,
    "Thai": 285,
    "Chinese/Cuban": 16,
    "Mediterranean": 219,
    "Korean": 262,
    "Bottled beverages, including water, sodas, juices, etc.": 72,
    "Russian": 88,
    "Eastern European": 65,
    "Middle Eastern": 168,
    "Asian": 309,
    "Ethiopian": 18,
    "Vegetarian": 102,
    "Barbecue": 52,
    "Egyptian": 14,
    "English": 16,
    "Other": 1011,
    "Sandwiches": 459,
    "Portuguese": 8,
    "Indonesian": 8,
    "Chinese/Japanese": 59,
    "Filipino": 26,
    "Juice, Smoothies, Fruit Salads": 273,
    "Brazilian": 26,
    "Afghan": 14,
    "Vietnamese/Cambodian/Malaysia": 66,
    "Caf\u00c3\u00a9/Coffee/Tea": 2,
    "Soups & Sandwiches": 51,
    "Tapas": 28,
    "Moroccan": 15,
    "Pakistani": 31,
    "Peruvian": 68,
    "Bangladeshi": 36,
    "Czech": 6,
    "Salads": 45,
    "Creole": 24,
    "Fruits/Vegetables": 7,
    "Iranian": 2,
    "Cajun": 7,
    "Scandinavian": 7,
    "Polynesian": 1,
    "Soups": 4,
    "Australian": 16,
    "Hotdogs/Pretzels": 16,
    "Southwestern": 9,
    "Nuts/Confectionary": 6,
    "Hawaiian": 3,
    "Creole/Cajun": 1,
    "Californian": 1,
    "Chilean": 1
}